file,line,type,commit,author,date,time,timezone,datetime,depth,length
bikewatching/global.css,1,css,d3ed76d0,Harshini,2026-05-15,23:32:53,-07:00,2026-05-15T23:32:53-07:00,0,7
bikewatching/global.css,2,css,d3ed76d0,Harshini,2026-05-15,23:32:53,-07:00,2026-05-15T23:32:53-07:00,1,20
bikewatching/global.css,3,css,d3ed76d0,Harshini,2026-05-15,23:32:53,-07:00,2026-05-15T23:32:53-07:00,1,15
bikewatching/global.css,4,css,d3ed76d0,Harshini,2026-05-15,23:32:53,-07:00,2026-05-15T23:32:53-07:00,1,17
bikewatching/global.css,5,css,d3ed76d0,Harshini,2026-05-15,23:32:53,-07:00,2026-05-15T23:32:53-07:00,1,19
bikewatching/global.css,6,css,d3ed76d0,Harshini,2026-05-15,23:32:53,-07:00,2026-05-15T23:32:53-07:00,1,24
bikewatching/global.css,7,css,d3ed76d0,Harshini,2026-05-15,23:32:53,-07:00,2026-05-15T23:32:53-07:00,1,16
bikewatching/global.css,8,css,d3ed76d0,Harshini,2026-05-15,23:32:53,-07:00,2026-05-15T23:32:53-07:00,1,18
bikewatching/global.css,9,css,d3ed76d0,Harshini,2026-05-15,23:32:53,-07:00,2026-05-15T23:32:53-07:00,1,27
bikewatching/global.css,10,css,d3ed76d0,Harshini,2026-05-15,23:32:53,-07:00,2026-05-15T23:32:53-07:00,1,25
bikewatching/global.css,11,css,d3ed76d0,Harshini,2026-05-15,23:32:53,-07:00,2026-05-15T23:32:53-07:00,1,45
bikewatching/global.css,12,css,d3ed76d0,Harshini,2026-05-15,23:32:53,-07:00,2026-05-15T23:32:53-07:00,0,1
bikewatching/global.css,13,css,d3ed76d0,Harshini,2026-05-15,23:32:53,-07:00,2026-05-15T23:32:53-07:00,0,0
bikewatching/global.css,14,css,d3ed76d0,Harshini,2026-05-15,23:32:53,-07:00,2026-05-15T23:32:53-07:00,0,3
bikewatching/global.css,15,css,d3ed76d0,Harshini,2026-05-15,23:32:53,-07:00,2026-05-15T23:32:53-07:00,1,23
bikewatching/global.css,16,css,d3ed76d0,Harshini,2026-05-15,23:32:53,-07:00,2026-05-15T23:32:53-07:00,0,1
bikewatching/global.css,17,css,d3ed76d0,Harshini,2026-05-15,23:32:53,-07:00,2026-05-15T23:32:53-07:00,0,0
bikewatching/global.css,18,css,d3ed76d0,Harshini,2026-05-15,23:32:53,-07:00,2026-05-15T23:32:53-07:00,0,6
bikewatching/global.css,19,css,d3ed76d0,Harshini,2026-05-15,23:32:53,-07:00,2026-05-15T23:32:53-07:00,1,10
bikewatching/global.css,20,css,d3ed76d0,Harshini,2026-05-15,23:32:53,-07:00,2026-05-15T23:32:53-07:00,1,18
bikewatching/global.css,21,css,d3ed76d0,Harshini,2026-05-15,23:32:53,-07:00,2026-05-15T23:32:53-07:00,1,84
bikewatching/global.css,22,css,d3ed76d0,Harshini,2026-05-15,23:32:53,-07:00,2026-05-15T23:32:53-07:00,1,18
bikewatching/global.css,23,css,d3ed76d0,Harshini,2026-05-15,23:32:53,-07:00,2026-05-15T23:32:53-07:00,1,11
bikewatching/global.css,24,css,d3ed76d0,Harshini,2026-05-15,23:32:53,-07:00,2026-05-15T23:32:53-07:00,2,84
bikewatching/global.css,25,css,d3ed76d0,Harshini,2026-05-15,23:32:53,-07:00,2026-05-15T23:32:53-07:00,2,5
bikewatching/global.css,26,css,d3ed76d0,Harshini,2026-05-15,23:32:53,-07:00,2026-05-15T23:32:53-07:00,0,1
bikewatching/global.css,27,css,d3ed76d0,Harshini,2026-05-15,23:32:53,-07:00,2026-05-15T23:32:53-07:00,0,0
bikewatching/global.css,28,css,d3ed76d0,Harshini,2026-05-15,23:32:53,-07:00,2026-05-15T23:32:53-07:00,0,3
bikewatching/global.css,29,css,d3ed76d0,Harshini,2026-05-15,23:32:53,-07:00,2026-05-15T23:32:53-07:00,1,15
bikewatching/global.css,30,css,d3ed76d0,Harshini,2026-05-15,23:32:53,-07:00,2026-05-15T23:32:53-07:00,0,1
bikewatching/global.css,31,css,d3ed76d0,Harshini,2026-05-15,23:32:53,-07:00,2026-05-15T23:32:53-07:00,0,0
bikewatching/global.css,32,css,d3ed76d0,Harshini,2026-05-15,23:32:53,-07:00,2026-05-15T23:32:53-07:00,0,14
bikewatching/global.css,33,css,d3ed76d0,Harshini,2026-05-15,23:32:53,-07:00,2026-05-15T23:32:53-07:00,1,37
bikewatching/global.css,34,css,d3ed76d0,Harshini,2026-05-15,23:32:53,-07:00,2026-05-15T23:32:53-07:00,1,38
bikewatching/global.css,35,css,d3ed76d0,Harshini,2026-05-15,23:32:53,-07:00,2026-05-15T23:32:53-07:00,1,28
bikewatching/global.css,36,css,d3ed76d0,Harshini,2026-05-15,23:32:53,-07:00,2026-05-15T23:32:53-07:00,1,17
bikewatching/global.css,37,css,d3ed76d0,Harshini,2026-05-15,23:32:53,-07:00,2026-05-15T23:32:53-07:00,1,7
bikewatching/global.css,38,css,d3ed76d0,Harshini,2026-05-15,23:32:53,-07:00,2026-05-15T23:32:53-07:00,1,12
bikewatching/global.css,39,css,d3ed76d0,Harshini,2026-05-15,23:32:53,-07:00,2026-05-15T23:32:53-07:00,0,1
bikewatching/global.css,40,css,d3ed76d0,Harshini,2026-05-15,23:32:53,-07:00,2026-05-15T23:32:53-07:00,0,0
bikewatching/global.css,41,css,d3ed76d0,Harshini,2026-05-15,23:32:53,-07:00,2026-05-15T23:32:53-07:00,0,5
bikewatching/global.css,42,css,d3ed76d0,Harshini,2026-05-15,23:32:53,-07:00,2026-05-15T23:32:53-07:00,1,14
bikewatching/global.css,43,css,d3ed76d0,Harshini,2026-05-15,23:32:53,-07:00,2026-05-15T23:32:53-07:00,1,16
bikewatching/global.css,44,css,d3ed76d0,Harshini,2026-05-15,23:32:53,-07:00,2026-05-15T23:32:53-07:00,1,12
bikewatching/global.css,45,css,d3ed76d0,Harshini,2026-05-15,23:32:53,-07:00,2026-05-15T23:32:53-07:00,1,20
bikewatching/global.css,46,css,d3ed76d0,Harshini,2026-05-15,23:32:53,-07:00,2026-05-15T23:32:53-07:00,1,18
bikewatching/global.css,47,css,d3ed76d0,Harshini,2026-05-15,23:32:53,-07:00,2026-05-15T23:32:53-07:00,1,20
bikewatching/global.css,48,css,d3ed76d0,Harshini,2026-05-15,23:32:53,-07:00,2026-05-15T23:32:53-07:00,1,22
bikewatching/global.css,49,css,d3ed76d0,Harshini,2026-05-15,23:32:53,-07:00,2026-05-15T23:32:53-07:00,0,1
bikewatching/global.css,50,css,d3ed76d0,Harshini,2026-05-15,23:32:53,-07:00,2026-05-15T23:32:53-07:00,0,0
bikewatching/global.css,51,css,d3ed76d0,Harshini,2026-05-15,23:32:53,-07:00,2026-05-15T23:32:53-07:00,0,7
bikewatching/global.css,52,css,d3ed76d0,Harshini,2026-05-15,23:32:53,-07:00,2026-05-15T23:32:53-07:00,1,21
bikewatching/global.css,53,css,d3ed76d0,Harshini,2026-05-15,23:32:53,-07:00,2026-05-15T23:32:53-07:00,1,20
bikewatching/global.css,54,css,d3ed76d0,Harshini,2026-05-15,23:32:53,-07:00,2026-05-15T23:32:53-07:00,1,17
bikewatching/global.css,55,css,d3ed76d0,Harshini,2026-05-15,23:32:53,-07:00,2026-05-15T23:32:53-07:00,1,24
bikewatching/global.css,56,css,d3ed76d0,Harshini,2026-05-15,23:32:53,-07:00,2026-05-15T23:32:53-07:00,1,22
bikewatching/global.css,57,css,d3ed76d0,Harshini,2026-05-15,23:32:53,-07:00,2026-05-15T23:32:53-07:00,0,1
bikewatching/global.css,58,css,d3ed76d0,Harshini,2026-05-15,23:32:53,-07:00,2026-05-15T23:32:53-07:00,0,0
bikewatching/global.css,59,css,d3ed76d0,Harshini,2026-05-15,23:32:53,-07:00,2026-05-15T23:32:53-07:00,0,12
bikewatching/global.css,60,css,d3ed76d0,Harshini,2026-05-15,23:32:53,-07:00,2026-05-15T23:32:53-07:00,0,21
bikewatching/global.css,61,css,d3ed76d0,Harshini,2026-05-15,23:32:53,-07:00,2026-05-15T23:32:53-07:00,1,20
bikewatching/global.css,62,css,d3ed76d0,Harshini,2026-05-15,23:32:53,-07:00,2026-05-15T23:32:53-07:00,1,21
bikewatching/global.css,63,css,d3ed76d0,Harshini,2026-05-15,23:32:53,-07:00,2026-05-15T23:32:53-07:00,0,1
bikewatching/global.css,64,css,d3ed76d0,Harshini,2026-05-15,23:32:53,-07:00,2026-05-15T23:32:53-07:00,0,0
bikewatching/global.css,65,css,d3ed76d0,Harshini,2026-05-15,23:32:53,-07:00,2026-05-15T23:32:53-07:00,0,6
bikewatching/global.css,66,css,d3ed76d0,Harshini,2026-05-15,23:32:53,-07:00,2026-05-15T23:32:53-07:00,1,18
bikewatching/global.css,67,css,d3ed76d0,Harshini,2026-05-15,23:32:53,-07:00,2026-05-15T23:32:53-07:00,1,20
bikewatching/global.css,68,css,d3ed76d0,Harshini,2026-05-15,23:32:53,-07:00,2026-05-15T23:32:53-07:00,1,17
bikewatching/global.css,69,css,d3ed76d0,Harshini,2026-05-15,23:32:53,-07:00,2026-05-15T23:32:53-07:00,0,1
bikewatching/global.css,70,css,d3ed76d0,Harshini,2026-05-15,23:32:53,-07:00,2026-05-15T23:32:53-07:00,0,0
bikewatching/global.css,71,css,d3ed76d0,Harshini,2026-05-15,23:32:53,-07:00,2026-05-15T23:32:53-07:00,0,8
bikewatching/global.css,72,css,d3ed76d0,Harshini,2026-05-15,23:32:53,-07:00,2026-05-15T23:32:53-07:00,1,14
bikewatching/global.css,73,css,d3ed76d0,Harshini,2026-05-15,23:32:53,-07:00,2026-05-15T23:32:53-07:00,1,59
bikewatching/global.css,74,css,d3ed76d0,Harshini,2026-05-15,23:32:53,-07:00,2026-05-15T23:32:53-07:00,1,12
bikewatching/global.css,75,css,d3ed76d0,Harshini,2026-05-15,23:32:53,-07:00,2026-05-15T23:32:53-07:00,1,17
bikewatching/global.css,76,css,d3ed76d0,Harshini,2026-05-15,23:32:53,-07:00,2026-05-15T23:32:53-07:00,1,23
bikewatching/global.css,77,css,d3ed76d0,Harshini,2026-05-15,23:32:53,-07:00,2026-05-15T23:32:53-07:00,0,1
bikewatching/global.css,78,css,d3ed76d0,Harshini,2026-05-15,23:32:53,-07:00,2026-05-15T23:32:53-07:00,0,0
bikewatching/global.css,79,css,d3ed76d0,Harshini,2026-05-15,23:32:53,-07:00,2026-05-15T23:32:53-07:00,0,10
bikewatching/global.css,80,css,d3ed76d0,Harshini,2026-05-15,23:32:53,-07:00,2026-05-15T23:32:53-07:00,1,21
bikewatching/global.css,81,css,d3ed76d0,Harshini,2026-05-15,23:32:53,-07:00,2026-05-15T23:32:53-07:00,1,19
bikewatching/global.css,82,css,d3ed76d0,Harshini,2026-05-15,23:32:53,-07:00,2026-05-15T23:32:53-07:00,1,17
bikewatching/global.css,83,css,d3ed76d0,Harshini,2026-05-15,23:32:53,-07:00,2026-05-15T23:32:53-07:00,1,23
bikewatching/global.css,84,css,d3ed76d0,Harshini,2026-05-15,23:32:53,-07:00,2026-05-15T23:32:53-07:00,1,20
bikewatching/global.css,85,css,d3ed76d0,Harshini,2026-05-15,23:32:53,-07:00,2026-05-15T23:32:53-07:00,1,26
bikewatching/global.css,86,css,d3ed76d0,Harshini,2026-05-15,23:32:53,-07:00,2026-05-15T23:32:53-07:00,0,1
bikewatching/global.css,87,css,d3ed76d0,Harshini,2026-05-15,23:32:53,-07:00,2026-05-15T23:32:53-07:00,0,0
bikewatching/global.css,88,css,d3ed76d0,Harshini,2026-05-15,23:32:53,-07:00,2026-05-15T23:32:53-07:00,0,4
bikewatching/global.css,89,css,d3ed76d0,Harshini,2026-05-15,23:32:53,-07:00,2026-05-15T23:32:53-07:00,1,38
bikewatching/global.css,90,css,d3ed76d0,Harshini,2026-05-15,23:32:53,-07:00,2026-05-15T23:32:53-07:00,1,15
bikewatching/global.css,91,css,d3ed76d0,Harshini,2026-05-15,23:32:53,-07:00,2026-05-15T23:32:53-07:00,1,10
bikewatching/global.css,92,css,d3ed76d0,Harshini,2026-05-15,23:32:53,-07:00,2026-05-15T23:32:53-07:00,0,1
bikewatching/global.css,93,css,d3ed76d0,Harshini,2026-05-15,23:32:53,-07:00,2026-05-15T23:32:53-07:00,0,0
bikewatching/global.css,94,css,d3ed76d0,Harshini,2026-05-15,23:32:53,-07:00,2026-05-15T23:32:53-07:00,0,10
bikewatching/global.css,95,css,d3ed76d0,Harshini,2026-05-15,23:32:53,-07:00,2026-05-15T23:32:53-07:00,1,20
bikewatching/global.css,96,css,d3ed76d0,Harshini,2026-05-15,23:32:53,-07:00,2026-05-15T23:32:53-07:00,1,17
bikewatching/global.css,97,css,d3ed76d0,Harshini,2026-05-15,23:32:53,-07:00,2026-05-15T23:32:53-07:00,0,1
bikewatching/global.css,98,css,d3ed76d0,Harshini,2026-05-15,23:32:53,-07:00,2026-05-15T23:32:53-07:00,0,0
bikewatching/global.css,99,css,d3ed76d0,Harshini,2026-05-15,23:32:53,-07:00,2026-05-15T23:32:53-07:00,0,15
bikewatching/global.css,100,css,d3ed76d0,Harshini,2026-05-15,23:32:53,-07:00,2026-05-15T23:32:53-07:00,1,14
bikewatching/global.css,101,css,d3ed76d0,Harshini,2026-05-15,23:32:53,-07:00,2026-05-15T23:32:53-07:00,1,49
bikewatching/global.css,102,css,d3ed76d0,Harshini,2026-05-15,23:32:53,-07:00,2026-05-15T23:32:53-07:00,1,13
bikewatching/global.css,103,css,d3ed76d0,Harshini,2026-05-15,23:32:53,-07:00,2026-05-15T23:32:53-07:00,0,1
bikewatching/global.css,104,css,d3ed76d0,Harshini,2026-05-15,23:32:53,-07:00,2026-05-15T23:32:53-07:00,0,0
bikewatching/global.css,105,css,d3ed76d0,Harshini,2026-05-15,23:32:53,-07:00,2026-05-15T23:32:53-07:00,0,17
bikewatching/global.css,106,css,d3ed76d0,Harshini,2026-05-15,23:32:53,-07:00,2026-05-15T23:32:53-07:00,1,30
bikewatching/global.css,107,css,d3ed76d0,Harshini,2026-05-15,23:32:53,-07:00,2026-05-15T23:32:53-07:00,1,19
bikewatching/global.css,108,css,d3ed76d0,Harshini,2026-05-15,23:32:53,-07:00,2026-05-15T23:32:53-07:00,1,38
bikewatching/global.css,109,css,d3ed76d0,Harshini,2026-05-15,23:32:53,-07:00,2026-05-15T23:32:53-07:00,1,10
bikewatching/global.css,110,css,d3ed76d0,Harshini,2026-05-15,23:32:53,-07:00,2026-05-15T23:32:53-07:00,1,17
bikewatching/global.css,111,css,d3ed76d0,Harshini,2026-05-15,23:32:53,-07:00,2026-05-15T23:32:53-07:00,0,1
bikewatching/global.css,112,css,d3ed76d0,Harshini,2026-05-15,23:32:53,-07:00,2026-05-15T23:32:53-07:00,0,0
bikewatching/global.css,113,css,d3ed76d0,Harshini,2026-05-15,23:32:53,-07:00,2026-05-15T23:32:53-07:00,0,21
bikewatching/global.css,114,css,d3ed76d0,Harshini,2026-05-15,23:32:53,-07:00,2026-05-15T23:32:53-07:00,0,20
bikewatching/global.css,115,css,d3ed76d0,Harshini,2026-05-15,23:32:53,-07:00,2026-05-15T23:32:53-07:00,1,15
bikewatching/global.css,116,css,d3ed76d0,Harshini,2026-05-15,23:32:53,-07:00,2026-05-15T23:32:53-07:00,0,1
bikewatching/global.css,117,css,d3ed76d0,Harshini,2026-05-15,23:32:53,-07:00,2026-05-15T23:32:53-07:00,0,0
bikewatching/global.css,118,css,d3ed76d0,Harshini,2026-05-15,23:32:53,-07:00,2026-05-15T23:32:53-07:00,0,20
bikewatching/global.css,119,css,d3ed76d0,Harshini,2026-05-15,23:32:53,-07:00,2026-05-15T23:32:53-07:00,1,20
bikewatching/global.css,120,css,d3ed76d0,Harshini,2026-05-15,23:32:53,-07:00,2026-05-15T23:32:53-07:00,1,18
bikewatching/global.css,121,css,d3ed76d0,Harshini,2026-05-15,23:32:53,-07:00,2026-05-15T23:32:53-07:00,1,19
bikewatching/global.css,122,css,d3ed76d0,Harshini,2026-05-15,23:32:53,-07:00,2026-05-15T23:32:53-07:00,0,1
bikewatching/global.css,123,css,d3ed76d0,Harshini,2026-05-15,23:32:53,-07:00,2026-05-15T23:32:53-07:00,0,0
bikewatching/global.css,124,css,d3ed76d0,Harshini,2026-05-15,23:32:53,-07:00,2026-05-15T23:32:53-07:00,0,27
bikewatching/global.css,125,css,d3ed76d0,Harshini,2026-05-15,23:32:53,-07:00,2026-05-15T23:32:53-07:00,1,7
bikewatching/global.css,126,css,d3ed76d0,Harshini,2026-05-15,23:32:53,-07:00,2026-05-15T23:32:53-07:00,1,15
bikewatching/global.css,127,css,d3ed76d0,Harshini,2026-05-15,23:32:53,-07:00,2026-05-15T23:32:53-07:00,2,27
bikewatching/global.css,128,css,d3ed76d0,Harshini,2026-05-15,23:32:53,-07:00,2026-05-15T23:32:53-07:00,1,1
bikewatching/global.css,129,css,d3ed76d0,Harshini,2026-05-15,23:32:53,-07:00,2026-05-15T23:32:53-07:00,0,0
bikewatching/global.css,130,css,d3ed76d0,Harshini,2026-05-15,23:32:53,-07:00,2026-05-15T23:32:53-07:00,1,6
bikewatching/global.css,131,css,d3ed76d0,Harshini,2026-05-15,23:32:53,-07:00,2026-05-15T23:32:53-07:00,2,23
bikewatching/global.css,132,css,d3ed76d0,Harshini,2026-05-15,23:32:53,-07:00,2026-05-15T23:32:53-07:00,1,1
bikewatching/global.css,133,css,d3ed76d0,Harshini,2026-05-15,23:32:53,-07:00,2026-05-15T23:32:53-07:00,0,1
bikewatching/index.html,1,html,d3ed76d0,Harshini,2026-05-15,23:32:53,-07:00,2026-05-15T23:32:53-07:00,0,15
bikewatching/index.html,2,html,d3ed76d0,Harshini,2026-05-15,23:32:53,-07:00,2026-05-15T23:32:53-07:00,0,16
bikewatching/index.html,3,html,d3ed76d0,Harshini,2026-05-15,23:32:53,-07:00,2026-05-15T23:32:53-07:00,0,6
bikewatching/index.html,4,html,d3ed76d0,Harshini,2026-05-15,23:32:53,-07:00,2026-05-15T23:32:53-07:00,1,22
bikewatching/index.html,5,html,d3ed76d0,Harshini,2026-05-15,23:32:53,-07:00,2026-05-15T23:32:53-07:00,1,70
bikewatching/index.html,6,html,d3ed76d0,Harshini,2026-05-15,23:32:53,-07:00,2026-05-15T23:32:53-07:00,1,47
bikewatching/index.html,7,html,d3ed76d0,Harshini,2026-05-15,23:32:53,-07:00,2026-05-15T23:32:53-07:00,1,64
bikewatching/index.html,8,html,c5a0767a,Harshini,2026-05-15,23:49:00,-07:00,2026-05-15T23:49:00-07:00,1,88
bikewatching/index.html,9,html,c5a0767a,Harshini,2026-05-15,23:49:00,-07:00,2026-05-15T23:49:00-07:00,1,87
bikewatching/index.html,10,html,d3ed76d0,Harshini,2026-05-15,23:32:53,-07:00,2026-05-15T23:32:53-07:00,1,41
bikewatching/index.html,11,html,d3ed76d0,Harshini,2026-05-15,23:32:53,-07:00,2026-05-15T23:32:53-07:00,1,38
bikewatching/index.html,12,html,d3ed76d0,Harshini,2026-05-15,23:32:53,-07:00,2026-05-15T23:32:53-07:00,0,7
bikewatching/index.html,13,html,d3ed76d0,Harshini,2026-05-15,23:32:53,-07:00,2026-05-15T23:32:53-07:00,0,6
bikewatching/index.html,14,html,d3ed76d0,Harshini,2026-05-15,23:32:53,-07:00,2026-05-15T23:32:53-07:00,1,28
bikewatching/index.html,15,html,d3ed76d0,Harshini,2026-05-15,23:32:53,-07:00,2026-05-15T23:32:53-07:00,2,39
bikewatching/index.html,16,html,d3ed76d0,Harshini,2026-05-15,23:32:53,-07:00,2026-05-15T23:32:53-07:00,3,32
bikewatching/index.html,17,html,d3ed76d0,Harshini,2026-05-15,23:32:53,-07:00,2026-05-15T23:32:53-07:00,3,45
bikewatching/index.html,18,html,d3ed76d0,Harshini,2026-05-15,23:32:53,-07:00,2026-05-15T23:32:53-07:00,3,41
bikewatching/index.html,19,html,d3ed76d0,Harshini,2026-05-15,23:32:53,-07:00,2026-05-15T23:32:53-07:00,3,37
bikewatching/index.html,20,html,d3ed76d0,Harshini,2026-05-15,23:32:53,-07:00,2026-05-15T23:32:53-07:00,3,77
bikewatching/index.html,21,html,d3ed76d0,Harshini,2026-05-15,23:32:53,-07:00,2026-05-15T23:32:53-07:00,2,6
bikewatching/index.html,22,html,d3ed76d0,Harshini,2026-05-15,23:32:53,-07:00,2026-05-15T23:32:53-07:00,1,9
bikewatching/index.html,23,html,d3ed76d0,Harshini,2026-05-15,23:32:53,-07:00,2026-05-15T23:32:53-07:00,0,0
bikewatching/index.html,24,html,d3ed76d0,Harshini,2026-05-15,23:32:53,-07:00,2026-05-15T23:32:53-07:00,1,6
bikewatching/index.html,25,html,d3ed76d0,Harshini,2026-05-15,23:32:53,-07:00,2026-05-15T23:32:53-07:00,2,23
bikewatching/index.html,26,html,d3ed76d0,Harshini,2026-05-15,23:32:53,-07:00,2026-05-15T23:32:53-07:00,3,5
bikewatching/index.html,27,html,d3ed76d0,Harshini,2026-05-15,23:32:53,-07:00,2026-05-15T23:32:53-07:00,4,36
bikewatching/index.html,28,html,d3ed76d0,Harshini,2026-05-15,23:32:53,-07:00,2026-05-15T23:32:53-07:00,4,21
bikewatching/index.html,29,html,d3ed76d0,Harshini,2026-05-15,23:32:53,-07:00,2026-05-15T23:32:53-07:00,4,3
bikewatching/index.html,30,html,d3ed76d0,Harshini,2026-05-15,23:32:53,-07:00,2026-05-15T23:32:53-07:00,5,76
bikewatching/index.html,31,html,d3ed76d0,Harshini,2026-05-15,23:32:53,-07:00,2026-05-15T23:32:53-07:00,5,29
bikewatching/index.html,32,html,d3ed76d0,Harshini,2026-05-15,23:32:53,-07:00,2026-05-15T23:32:53-07:00,4,4
bikewatching/index.html,33,html,d3ed76d0,Harshini,2026-05-15,23:32:53,-07:00,2026-05-15T23:32:53-07:00,3,6
bikewatching/index.html,34,html,d3ed76d0,Harshini,2026-05-15,23:32:53,-07:00,2026-05-15T23:32:53-07:00,3,63
bikewatching/index.html,35,html,d3ed76d0,Harshini,2026-05-15,23:32:53,-07:00,2026-05-15T23:32:53-07:00,4,69
bikewatching/index.html,36,html,d3ed76d0,Harshini,2026-05-15,23:32:53,-07:00,2026-05-15T23:32:53-07:00,4,72
bikewatching/index.html,37,html,d3ed76d0,Harshini,2026-05-15,23:32:53,-07:00,2026-05-15T23:32:53-07:00,4,64
bikewatching/index.html,38,html,d3ed76d0,Harshini,2026-05-15,23:32:53,-07:00,2026-05-15T23:32:53-07:00,3,6
bikewatching/index.html,39,html,d3ed76d0,Harshini,2026-05-15,23:32:53,-07:00,2026-05-15T23:32:53-07:00,2,10
bikewatching/index.html,40,html,d3ed76d0,Harshini,2026-05-15,23:32:53,-07:00,2026-05-15T23:32:53-07:00,0,0
bikewatching/index.html,41,html,d3ed76d0,Harshini,2026-05-15,23:32:53,-07:00,2026-05-15T23:32:53-07:00,2,61
bikewatching/index.html,42,html,d3ed76d0,Harshini,2026-05-15,23:32:53,-07:00,2026-05-15T23:32:53-07:00,3,25
bikewatching/index.html,43,html,d3ed76d0,Harshini,2026-05-15,23:32:53,-07:00,2026-05-15T23:32:53-07:00,4,25
bikewatching/index.html,44,html,d3ed76d0,Harshini,2026-05-15,23:32:53,-07:00,2026-05-15T23:32:53-07:00,5,24
bikewatching/index.html,45,html,d3ed76d0,Harshini,2026-05-15,23:32:53,-07:00,2026-05-15T23:32:53-07:00,5,68
bikewatching/index.html,46,html,d3ed76d0,Harshini,2026-05-15,23:32:53,-07:00,2026-05-15T23:32:53-07:00,4,8
bikewatching/index.html,47,html,d3ed76d0,Harshini,2026-05-15,23:32:53,-07:00,2026-05-15T23:32:53-07:00,4,26
bikewatching/index.html,48,html,d3ed76d0,Harshini,2026-05-15,23:32:53,-07:00,2026-05-15T23:32:53-07:00,5,40
bikewatching/index.html,49,html,d3ed76d0,Harshini,2026-05-15,23:32:53,-07:00,2026-05-15T23:32:53-07:00,5,50
bikewatching/index.html,50,html,d3ed76d0,Harshini,2026-05-15,23:32:53,-07:00,2026-05-15T23:32:53-07:00,4,6
bikewatching/index.html,51,html,d3ed76d0,Harshini,2026-05-15,23:32:53,-07:00,2026-05-15T23:32:53-07:00,3,6
bikewatching/index.html,52,html,d3ed76d0,Harshini,2026-05-15,23:32:53,-07:00,2026-05-15T23:32:53-07:00,0,0
bikewatching/index.html,53,html,d3ed76d0,Harshini,2026-05-15,23:32:53,-07:00,2026-05-15T23:32:53-07:00,3,79
bikewatching/index.html,54,html,d3ed76d0,Harshini,2026-05-15,23:32:53,-07:00,2026-05-15T23:32:53-07:00,0,0
bikewatching/index.html,55,html,d3ed76d0,Harshini,2026-05-15,23:32:53,-07:00,2026-05-15T23:32:53-07:00,3,59
bikewatching/index.html,56,html,d3ed76d0,Harshini,2026-05-15,23:32:53,-07:00,2026-05-15T23:32:53-07:00,4,54
bikewatching/index.html,57,html,d3ed76d0,Harshini,2026-05-15,23:32:53,-07:00,2026-05-15T23:32:53-07:00,5,13
bikewatching/index.html,58,html,d3ed76d0,Harshini,2026-05-15,23:32:53,-07:00,2026-05-15T23:32:53-07:00,5,58
bikewatching/index.html,59,html,d3ed76d0,Harshini,2026-05-15,23:32:53,-07:00,2026-05-15T23:32:53-07:00,4,6
bikewatching/index.html,60,html,d3ed76d0,Harshini,2026-05-15,23:32:53,-07:00,2026-05-15T23:32:53-07:00,4,56
bikewatching/index.html,61,html,d3ed76d0,Harshini,2026-05-15,23:32:53,-07:00,2026-05-15T23:32:53-07:00,5,13
bikewatching/index.html,62,html,d3ed76d0,Harshini,2026-05-15,23:32:53,-07:00,2026-05-15T23:32:53-07:00,5,54
bikewatching/index.html,63,html,d3ed76d0,Harshini,2026-05-15,23:32:53,-07:00,2026-05-15T23:32:53-07:00,4,6
bikewatching/index.html,64,html,d3ed76d0,Harshini,2026-05-15,23:32:53,-07:00,2026-05-15T23:32:53-07:00,4,54
bikewatching/index.html,65,html,d3ed76d0,Harshini,2026-05-15,23:32:53,-07:00,2026-05-15T23:32:53-07:00,5,13
bikewatching/index.html,66,html,d3ed76d0,Harshini,2026-05-15,23:32:53,-07:00,2026-05-15T23:32:53-07:00,5,58
bikewatching/index.html,67,html,d3ed76d0,Harshini,2026-05-15,23:32:53,-07:00,2026-05-15T23:32:53-07:00,4,6
bikewatching/index.html,68,html,d3ed76d0,Harshini,2026-05-15,23:32:53,-07:00,2026-05-15T23:32:53-07:00,3,6
bikewatching/index.html,69,html,d3ed76d0,Harshini,2026-05-15,23:32:53,-07:00,2026-05-15T23:32:53-07:00,2,10
bikewatching/index.html,70,html,d3ed76d0,Harshini,2026-05-15,23:32:53,-07:00,2026-05-15T23:32:53-07:00,1,7
bikewatching/index.html,71,html,d3ed76d0,Harshini,2026-05-15,23:32:53,-07:00,2026-05-15T23:32:53-07:00,0,0
bikewatching/index.html,72,html,d3ed76d0,Harshini,2026-05-15,23:32:53,-07:00,2026-05-15T23:32:53-07:00,1,44
bikewatching/index.html,73,html,d3ed76d0,Harshini,2026-05-15,23:32:53,-07:00,2026-05-15T23:32:53-07:00,0,7
bikewatching/index.html,74,html,d3ed76d0,Harshini,2026-05-15,23:32:53,-07:00,2026-05-15T23:32:53-07:00,0,7
bikewatching/map.css,1,css,d3ed76d0,Harshini,2026-05-15,23:32:53,-07:00,2026-05-15T23:32:53-07:00,0,12
bikewatching/map.css,2,css,d3ed76d0,Harshini,2026-05-15,23:32:53,-07:00,2026-05-15T23:32:53-07:00,1,27
bikewatching/map.css,3,css,d3ed76d0,Harshini,2026-05-15,23:32:53,-07:00,2026-05-15T23:32:53-07:00,1,30
bikewatching/map.css,4,css,d3ed76d0,Harshini,2026-05-15,23:32:53,-07:00,2026-05-15T23:32:53-07:00,1,19
bikewatching/map.css,5,css,d3ed76d0,Harshini,2026-05-15,23:32:53,-07:00,2026-05-15T23:32:53-07:00,1,26
bikewatching/map.css,6,css,d3ed76d0,Harshini,2026-05-15,23:32:53,-07:00,2026-05-15T23:32:53-07:00,1,17
bikewatching/map.css,7,css,d3ed76d0,Harshini,2026-05-15,23:32:53,-07:00,2026-05-15T23:32:53-07:00,0,1
bikewatching/map.css,8,css,d3ed76d0,Harshini,2026-05-15,23:32:53,-07:00,2026-05-15T23:32:53-07:00,0,0
bikewatching/map.css,9,css,d3ed76d0,Harshini,2026-05-15,23:32:53,-07:00,2026-05-15T23:32:53-07:00,0,14
bikewatching/map.css,10,css,d3ed76d0,Harshini,2026-05-15,23:32:53,-07:00,2026-05-15T23:32:53-07:00,1,14
bikewatching/map.css,11,css,d3ed76d0,Harshini,2026-05-15,23:32:53,-07:00,2026-05-15T23:32:53-07:00,1,43
bikewatching/map.css,12,css,d3ed76d0,Harshini,2026-05-15,23:32:53,-07:00,2026-05-15T23:32:53-07:00,1,10
bikewatching/map.css,13,css,d3ed76d0,Harshini,2026-05-15,23:32:53,-07:00,2026-05-15T23:32:53-07:00,1,20
bikewatching/map.css,14,css,d3ed76d0,Harshini,2026-05-15,23:32:53,-07:00,2026-05-15T23:32:53-07:00,1,37
bikewatching/map.css,15,css,d3ed76d0,Harshini,2026-05-15,23:32:53,-07:00,2026-05-15T23:32:53-07:00,1,14
bikewatching/map.css,16,css,d3ed76d0,Harshini,2026-05-15,23:32:53,-07:00,2026-05-15T23:32:53-07:00,0,1
bikewatching/map.css,17,css,d3ed76d0,Harshini,2026-05-15,23:32:53,-07:00,2026-05-15T23:32:53-07:00,0,0
bikewatching/map.css,18,css,d3ed76d0,Harshini,2026-05-15,23:32:53,-07:00,2026-05-15T23:32:53-07:00,0,20
bikewatching/map.css,19,css,d3ed76d0,Harshini,2026-05-15,23:32:53,-07:00,2026-05-15T23:32:53-07:00,1,14
bikewatching/map.css,20,css,d3ed76d0,Harshini,2026-05-15,23:32:53,-07:00,2026-05-15T23:32:53-07:00,1,12
bikewatching/map.css,21,css,d3ed76d0,Harshini,2026-05-15,23:32:53,-07:00,2026-05-15T23:32:53-07:00,1,20
bikewatching/map.css,22,css,d3ed76d0,Harshini,2026-05-15,23:32:53,-07:00,2026-05-15T23:32:53-07:00,1,17
bikewatching/map.css,23,css,d3ed76d0,Harshini,2026-05-15,23:32:53,-07:00,2026-05-15T23:32:53-07:00,0,1
bikewatching/map.css,24,css,d3ed76d0,Harshini,2026-05-15,23:32:53,-07:00,2026-05-15T23:32:53-07:00,0,0
bikewatching/map.css,25,css,d3ed76d0,Harshini,2026-05-15,23:32:53,-07:00,2026-05-15T23:32:53-07:00,0,14
bikewatching/map.css,26,css,d3ed76d0,Harshini,2026-05-15,23:32:53,-07:00,2026-05-15T23:32:53-07:00,1,28
bikewatching/map.css,27,css,d3ed76d0,Harshini,2026-05-15,23:32:53,-07:00,2026-05-15T23:32:53-07:00,1,12
bikewatching/map.css,28,css,d3ed76d0,Harshini,2026-05-15,23:32:53,-07:00,2026-05-15T23:32:53-07:00,0,1
bikewatching/map.css,29,css,d3ed76d0,Harshini,2026-05-15,23:32:53,-07:00,2026-05-15T23:32:53-07:00,0,0
bikewatching/map.css,30,css,d3ed76d0,Harshini,2026-05-15,23:32:53,-07:00,2026-05-15T23:32:53-07:00,0,15
bikewatching/map.css,31,css,d3ed76d0,Harshini,2026-05-15,23:32:53,-07:00,2026-05-15T23:32:53-07:00,1,17
bikewatching/map.css,32,css,d3ed76d0,Harshini,2026-05-15,23:32:53,-07:00,2026-05-15T23:32:53-07:00,1,18
bikewatching/map.css,33,css,d3ed76d0,Harshini,2026-05-15,23:32:53,-07:00,2026-05-15T23:32:53-07:00,0,1
bikewatching/map.css,34,css,d3ed76d0,Harshini,2026-05-15,23:32:53,-07:00,2026-05-15T23:32:53-07:00,0,0
bikewatching/map.css,35,css,d3ed76d0,Harshini,2026-05-15,23:32:53,-07:00,2026-05-15T23:32:53-07:00,0,20
bikewatching/map.css,36,css,d3ed76d0,Harshini,2026-05-15,23:32:53,-07:00,2026-05-15T23:32:53-07:00,1,15
bikewatching/map.css,37,css,d3ed76d0,Harshini,2026-05-15,23:32:53,-07:00,2026-05-15T23:32:53-07:00,1,17
bikewatching/map.css,38,css,d3ed76d0,Harshini,2026-05-15,23:32:53,-07:00,2026-05-15T23:32:53-07:00,0,1
bikewatching/map.css,39,css,d3ed76d0,Harshini,2026-05-15,23:32:53,-07:00,2026-05-15T23:32:53-07:00,0,0
bikewatching/map.css,40,css,d3ed76d0,Harshini,2026-05-15,23:32:53,-07:00,2026-05-15T23:32:53-07:00,0,20
bikewatching/map.css,41,css,d3ed76d0,Harshini,2026-05-15,23:32:53,-07:00,2026-05-15T23:32:53-07:00,1,20
bikewatching/map.css,42,css,d3ed76d0,Harshini,2026-05-15,23:32:53,-07:00,2026-05-15T23:32:53-07:00,1,15
bikewatching/map.css,43,css,d3ed76d0,Harshini,2026-05-15,23:32:53,-07:00,2026-05-15T23:32:53-07:00,1,18
bikewatching/map.css,44,css,d3ed76d0,Harshini,2026-05-15,23:32:53,-07:00,2026-05-15T23:32:53-07:00,0,1
bikewatching/map.css,45,css,d3ed76d0,Harshini,2026-05-15,23:32:53,-07:00,2026-05-15T23:32:53-07:00,0,0
bikewatching/map.css,46,css,d3ed76d0,Harshini,2026-05-15,23:32:53,-07:00,2026-05-15T23:32:53-07:00,0,6
bikewatching/map.css,47,css,d3ed76d0,Harshini,2026-05-15,23:32:53,-07:00,2026-05-15T23:32:53-07:00,1,25
bikewatching/map.css,48,css,d3ed76d0,Harshini,2026-05-15,23:32:53,-07:00,2026-05-15T23:32:53-07:00,1,18
bikewatching/map.css,49,css,d3ed76d0,Harshini,2026-05-15,23:32:53,-07:00,2026-05-15T23:32:53-07:00,1,19
bikewatching/map.css,50,css,d3ed76d0,Harshini,2026-05-15,23:32:53,-07:00,2026-05-15T23:32:53-07:00,0,1
bikewatching/map.css,51,css,d3ed76d0,Harshini,2026-05-15,23:32:53,-07:00,2026-05-15T23:32:53-07:00,0,0
bikewatching/map.css,52,css,d3ed76d0,Harshini,2026-05-15,23:32:53,-07:00,2026-05-15T23:32:53-07:00,0,18
bikewatching/map.css,53,css,d3ed76d0,Harshini,2026-05-15,23:32:53,-07:00,2026-05-15T23:32:53-07:00,1,13
bikewatching/map.css,54,css,d3ed76d0,Harshini,2026-05-15,23:32:53,-07:00,2026-05-15T23:32:53-07:00,1,9
bikewatching/map.css,55,css,d3ed76d0,Harshini,2026-05-15,23:32:53,-07:00,2026-05-15T23:32:53-07:00,1,21
bikewatching/map.css,56,css,d3ed76d0,Harshini,2026-05-15,23:32:53,-07:00,2026-05-15T23:32:53-07:00,1,19
bikewatching/map.css,57,css,d3ed76d0,Harshini,2026-05-15,23:32:53,-07:00,2026-05-15T23:32:53-07:00,1,12
bikewatching/map.css,58,css,d3ed76d0,Harshini,2026-05-15,23:32:53,-07:00,2026-05-15T23:32:53-07:00,1,11
bikewatching/map.css,59,css,d3ed76d0,Harshini,2026-05-15,23:32:53,-07:00,2026-05-15T23:32:53-07:00,0,1
bikewatching/map.css,60,css,d3ed76d0,Harshini,2026-05-15,23:32:53,-07:00,2026-05-15T23:32:53-07:00,0,0
bikewatching/map.css,61,css,d3ed76d0,Harshini,2026-05-15,23:32:53,-07:00,2026-05-15T23:32:53-07:00,0,10
bikewatching/map.css,62,css,d3ed76d0,Harshini,2026-05-15,23:32:53,-07:00,2026-05-15T23:32:53-07:00,1,16
bikewatching/map.css,63,css,d3ed76d0,Harshini,2026-05-15,23:32:53,-07:00,2026-05-15T23:32:53-07:00,1,16
bikewatching/map.css,64,css,d3ed76d0,Harshini,2026-05-15,23:32:53,-07:00,2026-05-15T23:32:53-07:00,2,9
bikewatching/map.css,65,css,d3ed76d0,Harshini,2026-05-15,23:32:53,-07:00,2026-05-15T23:32:53-07:00,2,59
bikewatching/map.css,66,css,d3ed76d0,Harshini,2026-05-15,23:32:53,-07:00,2026-05-15T23:32:53-07:00,2,20
bikewatching/map.css,67,css,d3ed76d0,Harshini,2026-05-15,23:32:53,-07:00,2026-05-15T23:32:53-07:00,1,2
bikewatching/map.css,68,css,d3ed76d0,Harshini,2026-05-15,23:32:53,-07:00,2026-05-15T23:32:53-07:00,1,19
bikewatching/map.css,69,css,d3ed76d0,Harshini,2026-05-15,23:32:53,-07:00,2026-05-15T23:32:53-07:00,1,21
bikewatching/map.css,70,css,d3ed76d0,Harshini,2026-05-15,23:32:53,-07:00,2026-05-15T23:32:53-07:00,1,13
bikewatching/map.css,71,css,d3ed76d0,Harshini,2026-05-15,23:32:53,-07:00,2026-05-15T23:32:53-07:00,1,20
bikewatching/map.css,72,css,d3ed76d0,Harshini,2026-05-15,23:32:53,-07:00,2026-05-15T23:32:53-07:00,1,67
bikewatching/map.css,73,css,d3ed76d0,Harshini,2026-05-15,23:32:53,-07:00,2026-05-15T23:32:53-07:00,0,1
bikewatching/map.css,74,css,d3ed76d0,Harshini,2026-05-15,23:32:53,-07:00,2026-05-15T23:32:53-07:00,0,0
bikewatching/map.css,75,css,d3ed76d0,Harshini,2026-05-15,23:32:53,-07:00,2026-05-15T23:32:53-07:00,0,15
bikewatching/map.css,76,css,d3ed76d0,Harshini,2026-05-15,23:32:53,-07:00,2026-05-15T23:32:53-07:00,0,16
bikewatching/map.css,77,css,d3ed76d0,Harshini,2026-05-15,23:32:53,-07:00,2026-05-15T23:32:53-07:00,1,19
bikewatching/map.css,78,css,d3ed76d0,Harshini,2026-05-15,23:32:53,-07:00,2026-05-15T23:32:53-07:00,1,16
bikewatching/map.css,79,css,d3ed76d0,Harshini,2026-05-15,23:32:53,-07:00,2026-05-15T23:32:53-07:00,1,20
bikewatching/map.css,80,css,d3ed76d0,Harshini,2026-05-15,23:32:53,-07:00,2026-05-15T23:32:53-07:00,0,1
bikewatching/map.css,81,css,d3ed76d0,Harshini,2026-05-15,23:32:53,-07:00,2026-05-15T23:32:53-07:00,0,0
bikewatching/map.css,82,css,d3ed76d0,Harshini,2026-05-15,23:32:53,-07:00,2026-05-15T23:32:53-07:00,0,9
bikewatching/map.css,83,css,d3ed76d0,Harshini,2026-05-15,23:32:53,-07:00,2026-05-15T23:32:53-07:00,1,14
bikewatching/map.css,84,css,d3ed76d0,Harshini,2026-05-15,23:32:53,-07:00,2026-05-15T23:32:53-07:00,1,16
bikewatching/map.css,85,css,d3ed76d0,Harshini,2026-05-15,23:32:53,-07:00,2026-05-15T23:32:53-07:00,1,12
bikewatching/map.css,86,css,d3ed76d0,Harshini,2026-05-15,23:32:53,-07:00,2026-05-15T23:32:53-07:00,1,24
bikewatching/map.css,87,css,d3ed76d0,Harshini,2026-05-15,23:32:53,-07:00,2026-05-15T23:32:53-07:00,1,34
bikewatching/map.css,88,css,d3ed76d0,Harshini,2026-05-15,23:32:53,-07:00,2026-05-15T23:32:53-07:00,1,32
bikewatching/map.css,89,css,d3ed76d0,Harshini,2026-05-15,23:32:53,-07:00,2026-05-15T23:32:53-07:00,1,22
bikewatching/map.css,90,css,d3ed76d0,Harshini,2026-05-15,23:32:53,-07:00,2026-05-15T23:32:53-07:00,0,1
bikewatching/map.css,91,css,d3ed76d0,Harshini,2026-05-15,23:32:53,-07:00,2026-05-15T23:32:53-07:00,0,0
bikewatching/map.css,92,css,d3ed76d0,Harshini,2026-05-15,23:32:53,-07:00,2026-05-15T23:32:53-07:00,0,14
bikewatching/map.css,93,css,d3ed76d0,Harshini,2026-05-15,23:32:53,-07:00,2026-05-15T23:32:53-07:00,1,14
bikewatching/map.css,94,css,d3ed76d0,Harshini,2026-05-15,23:32:53,-07:00,2026-05-15T23:32:53-07:00,1,13
bikewatching/map.css,95,css,d3ed76d0,Harshini,2026-05-15,23:32:53,-07:00,2026-05-15T23:32:53-07:00,1,20
bikewatching/map.css,96,css,d3ed76d0,Harshini,2026-05-15,23:32:53,-07:00,2026-05-15T23:32:53-07:00,0,1
bikewatching/map.css,97,css,d3ed76d0,Harshini,2026-05-15,23:32:53,-07:00,2026-05-15T23:32:53-07:00,0,0
bikewatching/map.css,98,css,d3ed76d0,Harshini,2026-05-15,23:32:53,-07:00,2026-05-15T23:32:53-07:00,0,21
bikewatching/map.css,99,css,d3ed76d0,Harshini,2026-05-15,23:32:53,-07:00,2026-05-15T23:32:53-07:00,1,15
bikewatching/map.css,100,css,d3ed76d0,Harshini,2026-05-15,23:32:53,-07:00,2026-05-15T23:32:53-07:00,1,16
bikewatching/map.css,101,css,d3ed76d0,Harshini,2026-05-15,23:32:53,-07:00,2026-05-15T23:32:53-07:00,1,23
bikewatching/map.css,102,css,d3ed76d0,Harshini,2026-05-15,23:32:53,-07:00,2026-05-15T23:32:53-07:00,1,21
bikewatching/map.css,103,css,d3ed76d0,Harshini,2026-05-15,23:32:53,-07:00,2026-05-15T23:32:53-07:00,1,22
bikewatching/map.css,104,css,d3ed76d0,Harshini,2026-05-15,23:32:53,-07:00,2026-05-15T23:32:53-07:00,2,9
bikewatching/map.css,105,css,d3ed76d0,Harshini,2026-05-15,23:32:53,-07:00,2026-05-15T23:32:53-07:00,2,59
bikewatching/map.css,106,css,d3ed76d0,Harshini,2026-05-15,23:32:53,-07:00,2026-05-15T23:32:53-07:00,2,20
bikewatching/map.css,107,css,d3ed76d0,Harshini,2026-05-15,23:32:53,-07:00,2026-05-15T23:32:53-07:00,1,2
bikewatching/map.css,108,css,d3ed76d0,Harshini,2026-05-15,23:32:53,-07:00,2026-05-15T23:32:53-07:00,1,45
bikewatching/map.css,109,css,d3ed76d0,Harshini,2026-05-15,23:32:53,-07:00,2026-05-15T23:32:53-07:00,0,1
bikewatching/map.css,110,css,d3ed76d0,Harshini,2026-05-15,23:32:53,-07:00,2026-05-15T23:32:53-07:00,0,0
bikewatching/map.css,111,css,d3ed76d0,Harshini,2026-05-15,23:32:53,-07:00,2026-05-15T23:32:53-07:00,0,16
bikewatching/map.css,112,css,d3ed76d0,Harshini,2026-05-15,23:32:53,-07:00,2026-05-15T23:32:53-07:00,1,14
bikewatching/map.css,113,css,d3ed76d0,Harshini,2026-05-15,23:32:53,-07:00,2026-05-15T23:32:53-07:00,1,7
bikewatching/map.css,114,css,d3ed76d0,Harshini,2026-05-15,23:32:53,-07:00,2026-05-15T23:32:53-07:00,1,10
bikewatching/map.css,115,css,d3ed76d0,Harshini,2026-05-15,23:32:53,-07:00,2026-05-15T23:32:53-07:00,0,1
bikewatching/map.css,116,css,d3ed76d0,Harshini,2026-05-15,23:32:53,-07:00,2026-05-15T23:32:53-07:00,0,0
bikewatching/map.css,117,css,d3ed76d0,Harshini,2026-05-15,23:32:53,-07:00,2026-05-15T23:32:53-07:00,0,21
bikewatching/map.css,118,css,d3ed76d0,Harshini,2026-05-15,23:32:53,-07:00,2026-05-15T23:32:53-07:00,1,19
bikewatching/map.css,119,css,d3ed76d0,Harshini,2026-05-15,23:32:53,-07:00,2026-05-15T23:32:53-07:00,0,1
bikewatching/map.css,120,css,d3ed76d0,Harshini,2026-05-15,23:32:53,-07:00,2026-05-15T23:32:53-07:00,0,0
bikewatching/map.css,121,css,d3ed76d0,Harshini,2026-05-15,23:32:53,-07:00,2026-05-15T23:32:53-07:00,0,20
bikewatching/map.css,122,css,d3ed76d0,Harshini,2026-05-15,23:32:53,-07:00,2026-05-15T23:32:53-07:00,1,20
bikewatching/map.css,123,css,d3ed76d0,Harshini,2026-05-15,23:32:53,-07:00,2026-05-15T23:32:53-07:00,1,19
bikewatching/map.css,124,css,d3ed76d0,Harshini,2026-05-15,23:32:53,-07:00,2026-05-15T23:32:53-07:00,0,1
bikewatching/map.css,125,css,d3ed76d0,Harshini,2026-05-15,23:32:53,-07:00,2026-05-15T23:32:53-07:00,0,0
bikewatching/map.css,126,css,d3ed76d0,Harshini,2026-05-15,23:32:53,-07:00,2026-05-15T23:32:53-07:00,0,17
bikewatching/map.css,127,css,d3ed76d0,Harshini,2026-05-15,23:32:53,-07:00,2026-05-15T23:32:53-07:00,0,16
bikewatching/map.css,128,css,d3ed76d0,Harshini,2026-05-15,23:32:53,-07:00,2026-05-15T23:32:53-07:00,1,20
bikewatching/map.css,129,css,d3ed76d0,Harshini,2026-05-15,23:32:53,-07:00,2026-05-15T23:32:53-07:00,1,37
bikewatching/map.css,130,css,d3ed76d0,Harshini,2026-05-15,23:32:53,-07:00,2026-05-15T23:32:53-07:00,1,30
bikewatching/map.css,131,css,d3ed76d0,Harshini,2026-05-15,23:32:53,-07:00,2026-05-15T23:32:53-07:00,1,19
bikewatching/map.css,132,css,d3ed76d0,Harshini,2026-05-15,23:32:53,-07:00,2026-05-15T23:32:53-07:00,1,14
bikewatching/map.css,133,css,d3ed76d0,Harshini,2026-05-15,23:32:53,-07:00,2026-05-15T23:32:53-07:00,1,17
bikewatching/map.css,134,css,d3ed76d0,Harshini,2026-05-15,23:32:53,-07:00,2026-05-15T23:32:53-07:00,1,12
bikewatching/map.css,135,css,d3ed76d0,Harshini,2026-05-15,23:32:53,-07:00,2026-05-15T23:32:53-07:00,1,10
bikewatching/map.css,136,css,d3ed76d0,Harshini,2026-05-15,23:32:53,-07:00,2026-05-15T23:32:53-07:00,1,22
bikewatching/map.css,137,css,d3ed76d0,Harshini,2026-05-15,23:32:53,-07:00,2026-05-15T23:32:53-07:00,1,19
bikewatching/map.css,138,css,d3ed76d0,Harshini,2026-05-15,23:32:53,-07:00,2026-05-15T23:32:53-07:00,1,10
bikewatching/map.css,139,css,d3ed76d0,Harshini,2026-05-15,23:32:53,-07:00,2026-05-15T23:32:53-07:00,1,28
bikewatching/map.css,140,css,d3ed76d0,Harshini,2026-05-15,23:32:53,-07:00,2026-05-15T23:32:53-07:00,1,11
bikewatching/map.css,141,css,d3ed76d0,Harshini,2026-05-15,23:32:53,-07:00,2026-05-15T23:32:53-07:00,0,1
bikewatching/map.css,142,css,d3ed76d0,Harshini,2026-05-15,23:32:53,-07:00,2026-05-15T23:32:53-07:00,0,0
bikewatching/map.css,143,css,d3ed76d0,Harshini,2026-05-15,23:32:53,-07:00,2026-05-15T23:32:53-07:00,0,16
bikewatching/map.css,144,css,d3ed76d0,Harshini,2026-05-15,23:32:53,-07:00,2026-05-15T23:32:53-07:00,1,15
bikewatching/map.css,145,css,d3ed76d0,Harshini,2026-05-15,23:32:53,-07:00,2026-05-15T23:32:53-07:00,0,1
bikewatching/map.css,146,css,d3ed76d0,Harshini,2026-05-15,23:32:53,-07:00,2026-05-15T23:32:53-07:00,0,0
bikewatching/map.css,147,css,d3ed76d0,Harshini,2026-05-15,23:32:53,-07:00,2026-05-15T23:32:53-07:00,0,27
bikewatching/map.css,148,css,d3ed76d0,Harshini,2026-05-15,23:32:53,-07:00,2026-05-15T23:32:53-07:00,1,14
bikewatching/map.css,149,css,d3ed76d0,Harshini,2026-05-15,23:32:53,-07:00,2026-05-15T23:32:53-07:00,2,27
bikewatching/map.css,150,css,d3ed76d0,Harshini,2026-05-15,23:32:53,-07:00,2026-05-15T23:32:53-07:00,1,1
bikewatching/map.css,151,css,d3ed76d0,Harshini,2026-05-15,23:32:53,-07:00,2026-05-15T23:32:53-07:00,0,0
bikewatching/map.css,152,css,d3ed76d0,Harshini,2026-05-15,23:32:53,-07:00,2026-05-15T23:32:53-07:00,1,15
bikewatching/map.css,153,css,d3ed76d0,Harshini,2026-05-15,23:32:53,-07:00,2026-05-15T23:32:53-07:00,2,13
bikewatching/map.css,154,css,d3ed76d0,Harshini,2026-05-15,23:32:53,-07:00,2026-05-15T23:32:53-07:00,2,17
bikewatching/map.css,155,css,d3ed76d0,Harshini,2026-05-15,23:32:53,-07:00,2026-05-15T23:32:53-07:00,1,1
bikewatching/map.css,156,css,d3ed76d0,Harshini,2026-05-15,23:32:53,-07:00,2026-05-15T23:32:53-07:00,0,0
bikewatching/map.css,157,css,d3ed76d0,Harshini,2026-05-15,23:32:53,-07:00,2026-05-15T23:32:53-07:00,1,6
bikewatching/map.css,158,css,d3ed76d0,Harshini,2026-05-15,23:32:53,-07:00,2026-05-15T23:32:53-07:00,2,13
bikewatching/map.css,159,css,d3ed76d0,Harshini,2026-05-15,23:32:53,-07:00,2026-05-15T23:32:53-07:00,2,18
bikewatching/map.css,160,css,d3ed76d0,Harshini,2026-05-15,23:32:53,-07:00,2026-05-15T23:32:53-07:00,1,1
bikewatching/map.css,161,css,d3ed76d0,Harshini,2026-05-15,23:32:53,-07:00,2026-05-15T23:32:53-07:00,0,1
bikewatching/map.js,1,js,d3ed76d0,Harshini,2026-05-15,23:32:53,-07:00,2026-05-15T23:32:53-07:00,0,65
bikewatching/map.js,2,js,d3ed76d0,Harshini,2026-05-15,23:32:53,-07:00,2026-05-15T23:32:53-07:00,0,0
bikewatching/map.js,3,js,c5a0767a,Harshini,2026-05-15,23:49:00,-07:00,2026-05-15T23:49:00-07:00,0,29
bikewatching/map.js,4,js,c5a0767a,Harshini,2026-05-15,23:49:00,-07:00,2026-05-15T23:49:00-07:00,1,65
bikewatching/map.js,5,js,c5a0767a,Harshini,2026-05-15,23:49:00,-07:00,2026-05-15T23:49:00-07:00,1,38
bikewatching/map.js,6,js,c5a0767a,Harshini,2026-05-15,23:49:00,-07:00,2026-05-15T23:49:00-07:00,1,3
bikewatching/map.js,7,js,c5a0767a,Harshini,2026-05-15,23:49:00,-07:00,2026-05-15T23:49:00-07:00,0,58
bikewatching/map.js,8,js,c5a0767a,Harshini,2026-05-15,23:49:00,-07:00,2026-05-15T23:49:00-07:00,0,39
bikewatching/map.js,9,js,c5a0767a,Harshini,2026-05-15,23:49:00,-07:00,2026-05-15T23:49:00-07:00,1,68
bikewatching/map.js,10,js,c5a0767a,Harshini,2026-05-15,23:49:00,-07:00,2026-05-15T23:49:00-07:00,1,70
bikewatching/map.js,11,js,c5a0767a,Harshini,2026-05-15,23:49:00,-07:00,2026-05-15T23:49:00-07:00,0,0
bikewatching/map.js,12,js,c5a0767a,Harshini,2026-05-15,23:49:00,-07:00,2026-05-15T23:49:00-07:00,0,16
bikewatching/map.js,13,js,c5a0767a,Harshini,2026-05-15,23:49:00,-07:00,2026-05-15T23:49:00-07:00,1,45
bikewatching/map.js,14,js,c5a0767a,Harshini,2026-05-15,23:49:00,-07:00,2026-05-15T23:49:00-07:00,0,1
bikewatching/map.js,15,js,c5a0767a,Harshini,2026-05-15,23:49:00,-07:00,2026-05-15T23:49:00-07:00,0,0
bikewatching/map.js,16,js,d3ed76d0,Harshini,2026-05-15,23:32:53,-07:00,2026-05-15T23:32:53-07:00,0,29
bikewatching/map.js,17,js,d3ed76d0,Harshini,2026-05-15,23:32:53,-07:00,2026-05-15T23:32:53-07:00,1,104
bikewatching/map.js,18,js,d3ed76d0,Harshini,2026-05-15,23:32:53,-07:00,2026-05-15T23:32:53-07:00,0,32
bikewatching/map.js,19,js,d3ed76d0,Harshini,2026-05-15,23:32:53,-07:00,2026-05-15T23:32:53-07:00,1,133
bikewatching/map.js,20,js,d3ed76d0,Harshini,2026-05-15,23:32:53,-07:00,2026-05-15T23:32:53-07:00,0,82
bikewatching/map.js,21,js,d3ed76d0,Harshini,2026-05-15,23:32:53,-07:00,2026-05-15T23:32:53-07:00,0,85
bikewatching/map.js,22,js,d3ed76d0,Harshini,2026-05-15,23:32:53,-07:00,2026-05-15T23:32:53-07:00,0,19
bikewatching/map.js,23,js,d3ed76d0,Harshini,2026-05-15,23:32:53,-07:00,2026-05-15T23:32:53-07:00,0,23
bikewatching/map.js,24,js,d3ed76d0,Harshini,2026-05-15,23:32:53,-07:00,2026-05-15T23:32:53-07:00,0,31
bikewatching/map.js,25,js,d3ed76d0,Harshini,2026-05-15,23:32:53,-07:00,2026-05-15T23:32:53-07:00,0,0
bikewatching/map.js,26,js,d3ed76d0,Harshini,2026-05-15,23:32:53,-07:00,2026-05-15T23:32:53-07:00,0,20
bikewatching/map.js,27,js,d3ed76d0,Harshini,2026-05-15,23:32:53,-07:00,2026-05-15T23:32:53-07:00,1,11
bikewatching/map.js,28,js,d3ed76d0,Harshini,2026-05-15,23:32:53,-07:00,2026-05-15T23:32:53-07:00,1,10
bikewatching/map.js,29,js,d3ed76d0,Harshini,2026-05-15,23:32:53,-07:00,2026-05-15T23:32:53-07:00,2,8
bikewatching/map.js,30,js,d3ed76d0,Harshini,2026-05-15,23:32:53,-07:00,2026-05-15T23:32:53-07:00,3,15
bikewatching/map.js,31,js,d3ed76d0,Harshini,2026-05-15,23:32:53,-07:00,2026-05-15T23:32:53-07:00,3,8
bikewatching/map.js,32,js,d3ed76d0,Harshini,2026-05-15,23:32:53,-07:00,2026-05-15T23:32:53-07:00,4,60
bikewatching/map.js,33,js,d3ed76d0,Harshini,2026-05-15,23:32:53,-07:00,2026-05-15T23:32:53-07:00,4,60
bikewatching/map.js,34,js,d3ed76d0,Harshini,2026-05-15,23:32:53,-07:00,2026-05-15T23:32:53-07:00,4,60
bikewatching/map.js,35,js,d3ed76d0,Harshini,2026-05-15,23:32:53,-07:00,2026-05-15T23:32:53-07:00,4,60
bikewatching/map.js,36,js,d3ed76d0,Harshini,2026-05-15,23:32:53,-07:00,2026-05-15T23:32:53-07:00,3,2
bikewatching/map.js,37,js,d3ed76d0,Harshini,2026-05-15,23:32:53,-07:00,2026-05-15T23:32:53-07:00,3,14
bikewatching/map.js,38,js,d3ed76d0,Harshini,2026-05-15,23:32:53,-07:00,2026-05-15T23:32:53-07:00,3,12
bikewatching/map.js,39,js,d3ed76d0,Harshini,2026-05-15,23:32:53,-07:00,2026-05-15T23:32:53-07:00,4,148
bikewatching/map.js,40,js,d3ed76d0,Harshini,2026-05-15,23:32:53,-07:00,2026-05-15T23:32:53-07:00,2,2
bikewatching/map.js,41,js,d3ed76d0,Harshini,2026-05-15,23:32:53,-07:00,2026-05-15T23:32:53-07:00,1,2
bikewatching/map.js,42,js,d3ed76d0,Harshini,2026-05-15,23:32:53,-07:00,2026-05-15T23:32:53-07:00,1,9
bikewatching/map.js,43,js,d3ed76d0,Harshini,2026-05-15,23:32:53,-07:00,2026-05-15T23:32:53-07:00,2,1
bikewatching/map.js,44,js,d3ed76d0,Harshini,2026-05-15,23:32:53,-07:00,2026-05-15T23:32:53-07:00,3,18
bikewatching/map.js,45,js,d3ed76d0,Harshini,2026-05-15,23:32:53,-07:00,2026-05-15T23:32:53-07:00,3,15
bikewatching/map.js,46,js,d3ed76d0,Harshini,2026-05-15,23:32:53,-07:00,2026-05-15T23:32:53-07:00,3,16
bikewatching/map.js,47,js,d3ed76d0,Harshini,2026-05-15,23:32:53,-07:00,2026-05-15T23:32:53-07:00,3,11
bikewatching/map.js,48,js,d3ed76d0,Harshini,2026-05-15,23:32:53,-07:00,2026-05-15T23:32:53-07:00,3,12
bikewatching/map.js,49,js,d3ed76d0,Harshini,2026-05-15,23:32:53,-07:00,2026-05-15T23:32:53-07:00,2,2
bikewatching/map.js,50,js,d3ed76d0,Harshini,2026-05-15,23:32:53,-07:00,2026-05-15T23:32:53-07:00,1,2
bikewatching/map.js,51,js,d3ed76d0,Harshini,2026-05-15,23:32:53,-07:00,2026-05-15T23:32:53-07:00,0,2
bikewatching/map.js,52,js,d3ed76d0,Harshini,2026-05-15,23:32:53,-07:00,2026-05-15T23:32:53-07:00,0,0
bikewatching/map.js,53,js,d3ed76d0,Harshini,2026-05-15,23:32:53,-07:00,2026-05-15T23:32:53-07:00,0,30
bikewatching/map.js,54,js,d3ed76d0,Harshini,2026-05-15,23:32:53,-07:00,2026-05-15T23:32:53-07:00,1,17
bikewatching/map.js,55,js,c5a0767a,Harshini,2026-05-15,23:49:00,-07:00,2026-05-15T23:49:00-07:00,1,69
bikewatching/map.js,56,js,d3ed76d0,Harshini,2026-05-15,23:32:53,-07:00,2026-05-15T23:32:53-07:00,1,30
bikewatching/map.js,57,js,d3ed76d0,Harshini,2026-05-15,23:32:53,-07:00,2026-05-15T23:32:53-07:00,1,9
bikewatching/map.js,58,js,d3ed76d0,Harshini,2026-05-15,23:32:53,-07:00,2026-05-15T23:32:53-07:00,1,12
bikewatching/map.js,59,js,d3ed76d0,Harshini,2026-05-15,23:32:53,-07:00,2026-05-15T23:32:53-07:00,1,12
bikewatching/map.js,60,js,d3ed76d0,Harshini,2026-05-15,23:32:53,-07:00,2026-05-15T23:32:53-07:00,0,3
bikewatching/map.js,61,js,d3ed76d0,Harshini,2026-05-15,23:32:53,-07:00,2026-05-15T23:32:53-07:00,0,0
bikewatching/map.js,62,js,d3ed76d0,Harshini,2026-05-15,23:32:53,-07:00,2026-05-15T23:32:53-07:00,0,84
bikewatching/map.js,63,js,d3ed76d0,Harshini,2026-05-15,23:32:53,-07:00,2026-05-15T23:32:53-07:00,0,0
bikewatching/map.js,64,js,d3ed76d0,Harshini,2026-05-15,23:32:53,-07:00,2026-05-15T23:32:53-07:00,0,52
bikewatching/map.js,65,js,d3ed76d0,Harshini,2026-05-15,23:32:53,-07:00,2026-05-15T23:32:53-07:00,0,58
bikewatching/map.js,66,js,d3ed76d0,Harshini,2026-05-15,23:32:53,-07:00,2026-05-15T23:32:53-07:00,0,62
bikewatching/map.js,67,js,d3ed76d0,Harshini,2026-05-15,23:32:53,-07:00,2026-05-15T23:32:53-07:00,0,52
bikewatching/map.js,68,js,d3ed76d0,Harshini,2026-05-15,23:32:53,-07:00,2026-05-15T23:32:53-07:00,0,53
bikewatching/map.js,69,js,d3ed76d0,Harshini,2026-05-15,23:32:53,-07:00,2026-05-15T23:32:53-07:00,0,45
bikewatching/map.js,70,js,d3ed76d0,Harshini,2026-05-15,23:32:53,-07:00,2026-05-15T23:32:53-07:00,0,57
bikewatching/map.js,71,js,d3ed76d0,Harshini,2026-05-15,23:32:53,-07:00,2026-05-15T23:32:53-07:00,0,36
bikewatching/map.js,72,js,d3ed76d0,Harshini,2026-05-15,23:32:53,-07:00,2026-05-15T23:32:53-07:00,0,0
bikewatching/map.js,73,js,d3ed76d0,Harshini,2026-05-15,23:32:53,-07:00,2026-05-15T23:32:53-07:00,0,18
bikewatching/map.js,74,js,d3ed76d0,Harshini,2026-05-15,23:32:53,-07:00,2026-05-15T23:32:53-07:00,0,74
bikewatching/map.js,75,js,d3ed76d0,Harshini,2026-05-15,23:32:53,-07:00,2026-05-15T23:32:53-07:00,0,72
bikewatching/map.js,76,js,d3ed76d0,Harshini,2026-05-15,23:32:53,-07:00,2026-05-15T23:32:53-07:00,0,30
bikewatching/map.js,77,js,d3ed76d0,Harshini,2026-05-15,23:32:53,-07:00,2026-05-15T23:32:53-07:00,0,28
bikewatching/map.js,78,js,d3ed76d0,Harshini,2026-05-15,23:32:53,-07:00,2026-05-15T23:32:53-07:00,0,20
bikewatching/map.js,79,js,d3ed76d0,Harshini,2026-05-15,23:32:53,-07:00,2026-05-15T23:32:53-07:00,0,48
bikewatching/map.js,80,js,d3ed76d0,Harshini,2026-05-15,23:32:53,-07:00,2026-05-15T23:32:53-07:00,0,0
bikewatching/map.js,81,js,d3ed76d0,Harshini,2026-05-15,23:32:53,-07:00,2026-05-15T23:32:53-07:00,0,14
bikewatching/map.js,82,js,d3ed76d0,Harshini,2026-05-15,23:32:53,-07:00,2026-05-15T23:32:53-07:00,1,33
bikewatching/map.js,83,js,d3ed76d0,Harshini,2026-05-15,23:32:53,-07:00,2026-05-15T23:32:53-07:00,1,14
bikewatching/map.js,84,js,d3ed76d0,Harshini,2026-05-15,23:32:53,-07:00,2026-05-15T23:32:53-07:00,1,33
bikewatching/map.js,85,js,d3ed76d0,Harshini,2026-05-15,23:32:53,-07:00,2026-05-15T23:32:53-07:00,1,29
bikewatching/map.js,86,js,d3ed76d0,Harshini,2026-05-15,23:32:53,-07:00,2026-05-15T23:32:53-07:00,0,0
bikewatching/map.js,87,js,d3ed76d0,Harshini,2026-05-15,23:32:53,-07:00,2026-05-15T23:32:53-07:00,0,20
bikewatching/map.js,88,js,d3ed76d0,Harshini,2026-05-15,23:32:53,-07:00,2026-05-15T23:32:53-07:00,1,16
bikewatching/map.js,89,js,d3ed76d0,Harshini,2026-05-15,23:32:53,-07:00,2026-05-15T23:32:53-07:00,1,15
bikewatching/map.js,90,js,d3ed76d0,Harshini,2026-05-15,23:32:53,-07:00,2026-05-15T23:32:53-07:00,1,42
bikewatching/map.js,91,js,d3ed76d0,Harshini,2026-05-15,23:32:53,-07:00,2026-05-15T23:32:53-07:00,0,71
bikewatching/map.js,92,js,d3ed76d0,Harshini,2026-05-15,23:32:53,-07:00,2026-05-15T23:32:53-07:00,0,0
bikewatching/map.js,93,js,d3ed76d0,Harshini,2026-05-15,23:32:53,-07:00,2026-05-15T23:32:53-07:00,0,28
bikewatching/map.js,94,js,d3ed76d0,Harshini,2026-05-15,23:32:53,-07:00,2026-05-15T23:32:53-07:00,1,5
bikewatching/map.js,95,js,d3ed76d0,Harshini,2026-05-15,23:32:53,-07:00,2026-05-15T23:32:53-07:00,2,20
bikewatching/map.js,96,js,d3ed76d0,Harshini,2026-05-15,23:32:53,-07:00,2026-05-15T23:32:53-07:00,2,27
bikewatching/map.js,97,js,d3ed76d0,Harshini,2026-05-15,23:32:53,-07:00,2026-05-15T23:32:53-07:00,2,29
bikewatching/map.js,98,js,d3ed76d0,Harshini,2026-05-15,23:32:53,-07:00,2026-05-15T23:32:53-07:00,2,24
bikewatching/map.js,99,js,d3ed76d0,Harshini,2026-05-15,23:32:53,-07:00,2026-05-15T23:32:53-07:00,1,17
bikewatching/map.js,100,js,d3ed76d0,Harshini,2026-05-15,23:32:53,-07:00,2026-05-15T23:32:53-07:00,2,43
bikewatching/map.js,101,js,d3ed76d0,Harshini,2026-05-15,23:32:53,-07:00,2026-05-15T23:32:53-07:00,2,69
bikewatching/map.js,102,js,d3ed76d0,Harshini,2026-05-15,23:32:53,-07:00,2026-05-15T23:32:53-07:00,2,21
bikewatching/map.js,103,js,d3ed76d0,Harshini,2026-05-15,23:32:53,-07:00,2026-05-15T23:32:53-07:00,1,1
bikewatching/map.js,104,js,d3ed76d0,Harshini,2026-05-15,23:32:53,-07:00,2026-05-15T23:32:53-07:00,0,3
bikewatching/map.js,105,js,d3ed76d0,Harshini,2026-05-15,23:32:53,-07:00,2026-05-15T23:32:53-07:00,0,0
bikewatching/map.js,106,js,d3ed76d0,Harshini,2026-05-15,23:32:53,-07:00,2026-05-15T23:32:53-07:00,0,38
bikewatching/map.js,107,js,d3ed76d0,Harshini,2026-05-15,23:32:53,-07:00,2026-05-15T23:32:53-07:00,0,38
bikewatching/map.js,108,js,d3ed76d0,Harshini,2026-05-15,23:32:53,-07:00,2026-05-15T23:32:53-07:00,0,40
bikewatching/map.js,109,js,d3ed76d0,Harshini,2026-05-15,23:32:53,-07:00,2026-05-15T23:32:53-07:00,0,0
bikewatching/map.js,110,js,d3ed76d0,Harshini,2026-05-15,23:32:53,-07:00,2026-05-15T23:32:53-07:00,0,49
bikewatching/map.js,111,js,d3ed76d0,Harshini,2026-05-15,23:32:53,-07:00,2026-05-15T23:32:53-07:00,1,42
bikewatching/map.js,112,js,d3ed76d0,Harshini,2026-05-15,23:32:53,-07:00,2026-05-15T23:32:53-07:00,1,26
bikewatching/map.js,113,js,d3ed76d0,Harshini,2026-05-15,23:32:53,-07:00,2026-05-15T23:32:53-07:00,1,28
bikewatching/map.js,114,js,d3ed76d0,Harshini,2026-05-15,23:32:53,-07:00,2026-05-15T23:32:53-07:00,0,3
bikewatching/map.js,115,js,d3ed76d0,Harshini,2026-05-15,23:32:53,-07:00,2026-05-15T23:32:53-07:00,0,0
bikewatching/map.js,116,js,d3ed76d0,Harshini,2026-05-15,23:32:53,-07:00,2026-05-15T23:32:53-07:00,0,30
bikewatching/map.js,117,js,d3ed76d0,Harshini,2026-05-15,23:32:53,-07:00,2026-05-15T23:32:53-07:00,1,68
bikewatching/map.js,118,js,d3ed76d0,Harshini,2026-05-15,23:32:53,-07:00,2026-05-15T23:32:53-07:00,1,74
bikewatching/map.js,119,js,d3ed76d0,Harshini,2026-05-15,23:32:53,-07:00,2026-05-15T23:32:53-07:00,0,1
bikewatching/map.js,120,js,d3ed76d0,Harshini,2026-05-15,23:32:53,-07:00,2026-05-15T23:32:53-07:00,0,0
bikewatching/map.js,121,js,d3ed76d0,Harshini,2026-05-15,23:32:53,-07:00,2026-05-15T23:32:53-07:00,0,40
bikewatching/map.js,122,js,d3ed76d0,Harshini,2026-05-15,23:32:53,-07:00,2026-05-15T23:32:53-07:00,1,19
bikewatching/map.js,123,js,d3ed76d0,Harshini,2026-05-15,23:32:53,-07:00,2026-05-15T23:32:53-07:00,2,16
bikewatching/map.js,124,js,d3ed76d0,Harshini,2026-05-15,23:32:53,-07:00,2026-05-15T23:32:53-07:00,2,5
bikewatching/map.js,125,js,d3ed76d0,Harshini,2026-05-15,23:32:53,-07:00,2026-05-15T23:32:53-07:00,1,3
bikewatching/map.js,126,js,d3ed76d0,Harshini,2026-05-15,23:32:53,-07:00,2026-05-15T23:32:53-07:00,0,0
bikewatching/map.js,127,js,d3ed76d0,Harshini,2026-05-15,23:32:53,-07:00,2026-05-15T23:32:53-07:00,1,14
bikewatching/map.js,128,js,d3ed76d0,Harshini,2026-05-15,23:32:53,-07:00,2026-05-15T23:32:53-07:00,2,3
bikewatching/map.js,129,js,d3ed76d0,Harshini,2026-05-15,23:32:53,-07:00,2026-05-15T23:32:53-07:00,2,13
bikewatching/map.js,130,js,d3ed76d0,Harshini,2026-05-15,23:32:53,-07:00,2026-05-15T23:32:53-07:00,2,11
bikewatching/map.js,131,js,d3ed76d0,Harshini,2026-05-15,23:32:53,-07:00,2026-05-15T23:32:53-07:00,2,8
bikewatching/map.js,132,js,d3ed76d0,Harshini,2026-05-15,23:32:53,-07:00,2026-05-15T23:32:53-07:00,3,20
bikewatching/map.js,133,js,d3ed76d0,Harshini,2026-05-15,23:32:53,-07:00,2026-05-15T23:32:53-07:00,3,70
bikewatching/map.js,134,js,d3ed76d0,Harshini,2026-05-15,23:32:53,-07:00,2026-05-15T23:32:53-07:00,3,21
bikewatching/map.js,135,js,d3ed76d0,Harshini,2026-05-15,23:32:53,-07:00,2026-05-15T23:32:53-07:00,2,2
bikewatching/map.js,136,js,d3ed76d0,Harshini,2026-05-15,23:32:53,-07:00,2026-05-15T23:32:53-07:00,1,3
bikewatching/map.js,137,js,d3ed76d0,Harshini,2026-05-15,23:32:53,-07:00,2026-05-15T23:32:53-07:00,0,1
bikewatching/map.js,138,js,d3ed76d0,Harshini,2026-05-15,23:32:53,-07:00,2026-05-15T23:32:53-07:00,0,0
bikewatching/map.js,139,js,d3ed76d0,Harshini,2026-05-15,23:32:53,-07:00,2026-05-15T23:32:53-07:00,0,37
bikewatching/map.js,140,js,d3ed76d0,Harshini,2026-05-15,23:32:53,-07:00,2026-05-15T23:32:53-07:00,1,48
bikewatching/map.js,141,js,d3ed76d0,Harshini,2026-05-15,23:32:53,-07:00,2026-05-15T23:32:53-07:00,2,22
bikewatching/map.js,142,js,d3ed76d0,Harshini,2026-05-15,23:32:53,-07:00,2026-05-15T23:32:53-07:00,2,29
bikewatching/map.js,143,js,d3ed76d0,Harshini,2026-05-15,23:32:53,-07:00,2026-05-15T23:32:53-07:00,1,3
bikewatching/map.js,144,js,d3ed76d0,Harshini,2026-05-15,23:32:53,-07:00,2026-05-15T23:32:53-07:00,0,0
bikewatching/map.js,145,js,d3ed76d0,Harshini,2026-05-15,23:32:53,-07:00,2026-05-15T23:32:53-07:00,1,56
bikewatching/map.js,146,js,d3ed76d0,Harshini,2026-05-15,23:32:53,-07:00,2026-05-15T23:32:53-07:00,2,11
bikewatching/map.js,147,js,d3ed76d0,Harshini,2026-05-15,23:32:53,-07:00,2026-05-15T23:32:53-07:00,2,45
bikewatching/map.js,148,js,d3ed76d0,Harshini,2026-05-15,23:32:53,-07:00,2026-05-15T23:32:53-07:00,2,25
bikewatching/map.js,149,js,d3ed76d0,Harshini,2026-05-15,23:32:53,-07:00,2026-05-15T23:32:53-07:00,2,25
bikewatching/map.js,150,js,d3ed76d0,Harshini,2026-05-15,23:32:53,-07:00,2026-05-15T23:32:53-07:00,1,4
bikewatching/map.js,151,js,d3ed76d0,Harshini,2026-05-15,23:32:53,-07:00,2026-05-15T23:32:53-07:00,0,0
bikewatching/map.js,152,js,d3ed76d0,Harshini,2026-05-15,23:32:53,-07:00,2026-05-15T23:32:53-07:00,1,70
bikewatching/map.js,153,js,d3ed76d0,Harshini,2026-05-15,23:32:53,-07:00,2026-05-15T23:32:53-07:00,1,68
bikewatching/map.js,154,js,d3ed76d0,Harshini,2026-05-15,23:32:53,-07:00,2026-05-15T23:32:53-07:00,0,0
bikewatching/map.js,155,js,d3ed76d0,Harshini,2026-05-15,23:32:53,-07:00,2026-05-15T23:32:53-07:00,1,27
bikewatching/map.js,156,js,d3ed76d0,Harshini,2026-05-15,23:32:53,-07:00,2026-05-15T23:32:53-07:00,2,28
bikewatching/map.js,157,js,d3ed76d0,Harshini,2026-05-15,23:32:53,-07:00,2026-05-15T23:32:53-07:00,3,48
bikewatching/map.js,158,js,d3ed76d0,Harshini,2026-05-15,23:32:53,-07:00,2026-05-15T23:32:53-07:00,2,1
bikewatching/map.js,159,js,d3ed76d0,Harshini,2026-05-15,23:32:53,-07:00,2026-05-15T23:32:53-07:00,0,0
bikewatching/map.js,160,js,d3ed76d0,Harshini,2026-05-15,23:32:53,-07:00,2026-05-15T23:32:53-07:00,2,26
bikewatching/map.js,161,js,d3ed76d0,Harshini,2026-05-15,23:32:53,-07:00,2026-05-15T23:32:53-07:00,3,44
bikewatching/map.js,162,js,d3ed76d0,Harshini,2026-05-15,23:32:53,-07:00,2026-05-15T23:32:53-07:00,2,1
bikewatching/map.js,163,js,d3ed76d0,Harshini,2026-05-15,23:32:53,-07:00,2026-05-15T23:32:53-07:00,1,1
bikewatching/map.js,164,js,d3ed76d0,Harshini,2026-05-15,23:32:53,-07:00,2026-05-15T23:32:53-07:00,0,0
bikewatching/map.js,165,js,d3ed76d0,Harshini,2026-05-15,23:32:53,-07:00,2026-05-15T23:32:53-07:00,1,26
bikewatching/map.js,166,js,d3ed76d0,Harshini,2026-05-15,23:32:53,-07:00,2026-05-15T23:32:53-07:00,2,6
bikewatching/map.js,167,js,d3ed76d0,Harshini,2026-05-15,23:32:53,-07:00,2026-05-15T23:32:53-07:00,2,24
bikewatching/map.js,168,js,d3ed76d0,Harshini,2026-05-15,23:32:53,-07:00,2026-05-15T23:32:53-07:00,2,32
bikewatching/map.js,169,js,d3ed76d0,Harshini,2026-05-15,23:32:53,-07:00,2026-05-15T23:32:53-07:00,1,2
bikewatching/map.js,170,js,d3ed76d0,Harshini,2026-05-15,23:32:53,-07:00,2026-05-15T23:32:53-07:00,1,24
bikewatching/map.js,171,js,d3ed76d0,Harshini,2026-05-15,23:32:53,-07:00,2026-05-15T23:32:53-07:00,2,6
bikewatching/map.js,172,js,d3ed76d0,Harshini,2026-05-15,23:32:53,-07:00,2026-05-15T23:32:53-07:00,2,24
bikewatching/map.js,173,js,d3ed76d0,Harshini,2026-05-15,23:32:53,-07:00,2026-05-15T23:32:53-07:00,2,30
bikewatching/map.js,174,js,d3ed76d0,Harshini,2026-05-15,23:32:53,-07:00,2026-05-15T23:32:53-07:00,1,2
bikewatching/map.js,175,js,d3ed76d0,Harshini,2026-05-15,23:32:53,-07:00,2026-05-15T23:32:53-07:00,0,1
bikewatching/map.js,176,js,d3ed76d0,Harshini,2026-05-15,23:32:53,-07:00,2026-05-15T23:32:53-07:00,0,0
bikewatching/map.js,177,js,d3ed76d0,Harshini,2026-05-15,23:32:53,-07:00,2026-05-15T23:32:53-07:00,0,26
bikewatching/map.js,178,js,d3ed76d0,Harshini,2026-05-15,23:32:53,-07:00,2026-05-15T23:32:53-07:00,1,44
bikewatching/map.js,179,js,d3ed76d0,Harshini,2026-05-15,23:32:53,-07:00,2026-05-15T23:32:53-07:00,1,40
bikewatching/map.js,180,js,d3ed76d0,Harshini,2026-05-15,23:32:53,-07:00,2026-05-15T23:32:53-07:00,0,0
bikewatching/map.js,181,js,d3ed76d0,Harshini,2026-05-15,23:32:53,-07:00,2026-05-15T23:32:53-07:00,1,8
bikewatching/map.js,182,js,d3ed76d0,Harshini,2026-05-15,23:32:53,-07:00,2026-05-15T23:32:53-07:00,2,8
bikewatching/map.js,183,js,d3ed76d0,Harshini,2026-05-15,23:32:53,-07:00,2026-05-15T23:32:53-07:00,2,10
bikewatching/map.js,184,js,d3ed76d0,Harshini,2026-05-15,23:32:53,-07:00,2026-05-15T23:32:53-07:00,2,8
bikewatching/map.js,185,js,d3ed76d0,Harshini,2026-05-15,23:32:53,-07:00,2026-05-15T23:32:53-07:00,2,39
bikewatching/map.js,186,js,d3ed76d0,Harshini,2026-05-15,23:32:53,-07:00,2026-05-15T23:32:53-07:00,2,35
bikewatching/map.js,187,js,d3ed76d0,Harshini,2026-05-15,23:32:53,-07:00,2026-05-15T23:32:53-07:00,1,2
bikewatching/map.js,188,js,d3ed76d0,Harshini,2026-05-15,23:32:53,-07:00,2026-05-15T23:32:53-07:00,0,1
bikewatching/map.js,189,js,d3ed76d0,Harshini,2026-05-15,23:32:53,-07:00,2026-05-15T23:32:53-07:00,0,0
bikewatching/map.js,190,js,d3ed76d0,Harshini,2026-05-15,23:32:53,-07:00,2026-05-15T23:32:53-07:00,0,31
bikewatching/map.js,191,js,d3ed76d0,Harshini,2026-05-15,23:32:53,-07:00,2026-05-15T23:32:53-07:00,1,35
bikewatching/map.js,192,js,d3ed76d0,Harshini,2026-05-15,23:32:53,-07:00,2026-05-15T23:32:53-07:00,2,10
bikewatching/map.js,193,js,d3ed76d0,Harshini,2026-05-15,23:32:53,-07:00,2026-05-15T23:32:53-07:00,1,1
bikewatching/map.js,194,js,d3ed76d0,Harshini,2026-05-15,23:32:53,-07:00,2026-05-15T23:32:53-07:00,0,0
bikewatching/map.js,195,js,d3ed76d0,Harshini,2026-05-15,23:32:53,-07:00,2026-05-15T23:32:53-07:00,1,48
bikewatching/map.js,196,js,d3ed76d0,Harshini,2026-05-15,23:32:53,-07:00,2026-05-15T23:32:53-07:00,0,1
bikewatching/map.js,197,js,d3ed76d0,Harshini,2026-05-15,23:32:53,-07:00,2026-05-15T23:32:53-07:00,0,0
bikewatching/map.js,198,js,d3ed76d0,Harshini,2026-05-15,23:32:53,-07:00,2026-05-15T23:32:53-07:00,0,38
bikewatching/map.js,199,js,d3ed76d0,Harshini,2026-05-15,23:32:53,-07:00,2026-05-15T23:32:53-07:00,1,58
bikewatching/map.js,200,js,d3ed76d0,Harshini,2026-05-15,23:32:53,-07:00,2026-05-15T23:32:53-07:00,1,87
bikewatching/map.js,201,js,d3ed76d0,Harshini,2026-05-15,23:32:53,-07:00,2026-05-15T23:32:53-07:00,0,0
bikewatching/map.js,202,js,d3ed76d0,Harshini,2026-05-15,23:32:53,-07:00,2026-05-15T23:32:53-07:00,1,16
bikewatching/map.js,203,js,d3ed76d0,Harshini,2026-05-15,23:32:53,-07:00,2026-05-15T23:32:53-07:00,2,12
bikewatching/map.js,204,js,d3ed76d0,Harshini,2026-05-15,23:32:53,-07:00,2026-05-15T23:32:53-07:00,2,24
bikewatching/map.js,205,js,d3ed76d0,Harshini,2026-05-15,23:32:53,-07:00,2026-05-15T23:32:53-07:00,2,47
bikewatching/map.js,206,js,d3ed76d0,Harshini,2026-05-15,23:32:53,-07:00,2026-05-15T23:32:53-07:00,0,0
bikewatching/map.js,207,js,d3ed76d0,Harshini,2026-05-15,23:32:53,-07:00,2026-05-15T23:32:53-07:00,1,21
bikewatching/map.js,208,js,d3ed76d0,Harshini,2026-05-15,23:32:53,-07:00,2026-05-15T23:32:53-07:00,2,20
bikewatching/map.js,209,js,d3ed76d0,Harshini,2026-05-15,23:32:53,-07:00,2026-05-15T23:32:53-07:00,2,51
bikewatching/map.js,210,js,d3ed76d0,Harshini,2026-05-15,23:32:53,-07:00,2026-05-15T23:32:53-07:00,2,16
bikewatching/map.js,211,js,d3ed76d0,Harshini,2026-05-15,23:32:53,-07:00,2026-05-15T23:32:53-07:00,3,5
bikewatching/map.js,212,js,d3ed76d0,Harshini,2026-05-15,23:32:53,-07:00,2026-05-15T23:32:53-07:00,4,17
bikewatching/map.js,213,js,d3ed76d0,Harshini,2026-05-15,23:32:53,-07:00,2026-05-15T23:32:53-07:00,4,25
bikewatching/map.js,214,js,d3ed76d0,Harshini,2026-05-15,23:32:53,-07:00,2026-05-15T23:32:53-07:00,4,20
bikewatching/map.js,215,js,d3ed76d0,Harshini,2026-05-15,23:32:53,-07:00,2026-05-15T23:32:53-07:00,4,48
bikewatching/map.js,216,js,d3ed76d0,Harshini,2026-05-15,23:32:53,-07:00,2026-05-15T23:32:53-07:00,2,1
bikewatching/map.js,217,js,d3ed76d0,Harshini,2026-05-15,23:32:53,-07:00,2026-05-15T23:32:53-07:00,2,58
bikewatching/map.js,218,js,d3ed76d0,Harshini,2026-05-15,23:32:53,-07:00,2026-05-15T23:32:53-07:00,2,65
bikewatching/map.js,219,js,d3ed76d0,Harshini,2026-05-15,23:32:53,-07:00,2026-05-15T23:32:53-07:00,2,73
bikewatching/map.js,220,js,d3ed76d0,Harshini,2026-05-15,23:32:53,-07:00,2026-05-15T23:32:53-07:00,2,58
bikewatching/map.js,221,js,d3ed76d0,Harshini,2026-05-15,23:32:53,-07:00,2026-05-15T23:32:53-07:00,0,0
bikewatching/map.js,222,js,d3ed76d0,Harshini,2026-05-15,23:32:53,-07:00,2026-05-15T23:32:53-07:00,1,53
bikewatching/map.js,223,js,d3ed76d0,Harshini,2026-05-15,23:32:53,-07:00,2026-05-15T23:32:53-07:00,1,24
bikewatching/map.js,224,js,d3ed76d0,Harshini,2026-05-15,23:32:53,-07:00,2026-05-15T23:32:53-07:00,0,1
bikewatching/map.js,225,js,d3ed76d0,Harshini,2026-05-15,23:32:53,-07:00,2026-05-15T23:32:53-07:00,0,0
bikewatching/map.js,226,js,d3ed76d0,Harshini,2026-05-15,23:32:53,-07:00,2026-05-15T23:32:53-07:00,0,40
bikewatching/map.js,227,js,d3ed76d0,Harshini,2026-05-15,23:32:53,-07:00,2026-05-15T23:32:53-07:00,1,23
bikewatching/map.js,228,js,d3ed76d0,Harshini,2026-05-15,23:32:53,-07:00,2026-05-15T23:32:53-07:00,2,18
bikewatching/map.js,229,js,d3ed76d0,Harshini,2026-05-15,23:32:53,-07:00,2026-05-15T23:32:53-07:00,3,15
bikewatching/map.js,230,js,d3ed76d0,Harshini,2026-05-15,23:32:53,-07:00,2026-05-15T23:32:53-07:00,3,90
bikewatching/map.js,231,js,d3ed76d0,Harshini,2026-05-15,23:32:53,-07:00,2026-05-15T23:32:53-07:00,1,21
bikewatching/map.js,232,js,d3ed76d0,Harshini,2026-05-15,23:32:53,-07:00,2026-05-15T23:32:53-07:00,2,18
bikewatching/map.js,233,js,d3ed76d0,Harshini,2026-05-15,23:32:53,-07:00,2026-05-15T23:32:53-07:00,3,13
bikewatching/map.js,234,js,d3ed76d0,Harshini,2026-05-15,23:32:53,-07:00,2026-05-15T23:32:53-07:00,3,86
bikewatching/map.js,235,js,d3ed76d0,Harshini,2026-05-15,23:32:53,-07:00,2026-05-15T23:32:53-07:00,0,0
bikewatching/map.js,236,js,d3ed76d0,Harshini,2026-05-15,23:32:53,-07:00,2026-05-15T23:32:53-07:00,1,34
bikewatching/map.js,237,js,d3ed76d0,Harshini,2026-05-15,23:32:53,-07:00,2026-05-15T23:32:53-07:00,2,56
bikewatching/map.js,238,js,d3ed76d0,Harshini,2026-05-15,23:32:53,-07:00,2026-05-15T23:32:53-07:00,2,52
bikewatching/map.js,239,js,d3ed76d0,Harshini,2026-05-15,23:32:53,-07:00,2026-05-15T23:32:53-07:00,0,0
bikewatching/map.js,240,js,d3ed76d0,Harshini,2026-05-15,23:32:53,-07:00,2026-05-15T23:32:53-07:00,2,8
bikewatching/map.js,241,js,d3ed76d0,Harshini,2026-05-15,23:32:53,-07:00,2026-05-15T23:32:53-07:00,3,11
bikewatching/map.js,242,js,d3ed76d0,Harshini,2026-05-15,23:32:53,-07:00,2026-05-15T23:32:53-07:00,3,11
bikewatching/map.js,243,js,d3ed76d0,Harshini,2026-05-15,23:32:53,-07:00,2026-05-15T23:32:53-07:00,3,9
bikewatching/map.js,244,js,d3ed76d0,Harshini,2026-05-15,23:32:53,-07:00,2026-05-15T23:32:53-07:00,3,36
bikewatching/map.js,245,js,d3ed76d0,Harshini,2026-05-15,23:32:53,-07:00,2026-05-15T23:32:53-07:00,2,2
bikewatching/map.js,246,js,d3ed76d0,Harshini,2026-05-15,23:32:53,-07:00,2026-05-15T23:32:53-07:00,1,3
bikewatching/map.js,247,js,d3ed76d0,Harshini,2026-05-15,23:32:53,-07:00,2026-05-15T23:32:53-07:00,0,1
bikewatching/map.js,248,js,d3ed76d0,Harshini,2026-05-15,23:32:53,-07:00,2026-05-15T23:32:53-07:00,0,0
bikewatching/map.js,249,js,d3ed76d0,Harshini,2026-05-15,23:32:53,-07:00,2026-05-15T23:32:53-07:00,0,45
bikewatching/map.js,250,js,d3ed76d0,Harshini,2026-05-15,23:32:53,-07:00,2026-05-15T23:32:53-07:00,1,17
bikewatching/map.js,251,js,d3ed76d0,Harshini,2026-05-15,23:32:53,-07:00,2026-05-15T23:32:53-07:00,0,0
bikewatching/map.js,252,js,d3ed76d0,Harshini,2026-05-15,23:32:53,-07:00,2026-05-15T23:32:53-07:00,1,69
bikewatching/map.js,253,js,d3ed76d0,Harshini,2026-05-15,23:32:53,-07:00,2026-05-15T23:32:53-07:00,2,66
bikewatching/map.js,254,js,d3ed76d0,Harshini,2026-05-15,23:32:53,-07:00,2026-05-15T23:32:53-07:00,2,29
bikewatching/map.js,255,js,d3ed76d0,Harshini,2026-05-15,23:32:53,-07:00,2026-05-15T23:32:53-07:00,1,1
bikewatching/map.js,256,js,d3ed76d0,Harshini,2026-05-15,23:32:53,-07:00,2026-05-15T23:32:53-07:00,0,0
bikewatching/map.js,257,js,d3ed76d0,Harshini,2026-05-15,23:32:53,-07:00,2026-05-15T23:32:53-07:00,1,13
bikewatching/map.js,258,js,d3ed76d0,Harshini,2026-05-15,23:32:53,-07:00,2026-05-15T23:32:53-07:00,0,1
bikewatching/map.js,259,js,d3ed76d0,Harshini,2026-05-15,23:32:53,-07:00,2026-05-15T23:32:53-07:00,0,0
bikewatching/map.js,260,js,d3ed76d0,Harshini,2026-05-15,23:32:53,-07:00,2026-05-15T23:32:53-07:00,0,51
bikewatching/map.js,261,js,d3ed76d0,Harshini,2026-05-15,23:32:53,-07:00,2026-05-15T23:32:53-07:00,1,17
bikewatching/map.js,262,js,d3ed76d0,Harshini,2026-05-15,23:32:53,-07:00,2026-05-15T23:32:53-07:00,2,6
bikewatching/map.js,263,js,d3ed76d0,Harshini,2026-05-15,23:32:53,-07:00,2026-05-15T23:32:53-07:00,2,24
bikewatching/map.js,264,js,d3ed76d0,Harshini,2026-05-15,23:32:53,-07:00,2026-05-15T23:32:53-07:00,2,29
bikewatching/map.js,265,js,d3ed76d0,Harshini,2026-05-15,23:32:53,-07:00,2026-05-15T23:32:53-07:00,1,2
bikewatching/map.js,266,js,d3ed76d0,Harshini,2026-05-15,23:32:53,-07:00,2026-05-15T23:32:53-07:00,0,1
bikewatching/map.js,267,js,d3ed76d0,Harshini,2026-05-15,23:32:53,-07:00,2026-05-15T23:32:53-07:00,0,0
bikewatching/map.js,268,js,d3ed76d0,Harshini,2026-05-15,23:32:53,-07:00,2026-05-15T23:32:53-07:00,0,34
bikewatching/map.js,269,js,d3ed76d0,Harshini,2026-05-15,23:32:53,-07:00,2026-05-15T23:32:53-07:00,1,23
bikewatching/map.js,270,js,d3ed76d0,Harshini,2026-05-15,23:32:53,-07:00,2026-05-15T23:32:53-07:00,2,7
bikewatching/map.js,271,js,d3ed76d0,Harshini,2026-05-15,23:32:53,-07:00,2026-05-15T23:32:53-07:00,1,1
bikewatching/map.js,272,js,d3ed76d0,Harshini,2026-05-15,23:32:53,-07:00,2026-05-15T23:32:53-07:00,0,0
bikewatching/map.js,273,js,d3ed76d0,Harshini,2026-05-15,23:32:53,-07:00,2026-05-15T23:32:53-07:00,1,15
bikewatching/map.js,274,js,d3ed76d0,Harshini,2026-05-15,23:32:53,-07:00,2026-05-15T23:32:53-07:00,2,51
bikewatching/map.js,275,js,d3ed76d0,Harshini,2026-05-15,23:32:53,-07:00,2026-05-15T23:32:53-07:00,2,52
bikewatching/map.js,276,js,d3ed76d0,Harshini,2026-05-15,23:32:53,-07:00,2026-05-15T23:32:53-07:00,0,1
bikewatching/map.js,277,js,d3ed76d0,Harshini,2026-05-15,23:32:53,-07:00,2026-05-15T23:32:53-07:00,0,0
bikewatching/map.js,278,js,d3ed76d0,Harshini,2026-05-15,23:32:53,-07:00,2026-05-15T23:32:53-07:00,0,34
bikewatching/map.js,279,js,d3ed76d0,Harshini,2026-05-15,23:32:53,-07:00,2026-05-15T23:32:53-07:00,1,47
bikewatching/map.js,280,js,d3ed76d0,Harshini,2026-05-15,23:32:53,-07:00,2026-05-15T23:32:53-07:00,0,1
bikewatching/map.js,281,js,d3ed76d0,Harshini,2026-05-15,23:32:53,-07:00,2026-05-15T23:32:53-07:00,0,0
bikewatching/map.js,282,js,d3ed76d0,Harshini,2026-05-15,23:32:53,-07:00,2026-05-15T23:32:53-07:00,0,37
bikewatching/map.js,283,js,d3ed76d0,Harshini,2026-05-15,23:32:53,-07:00,2026-05-15T23:32:53-07:00,1,28
bikewatching/map.js,284,js,d3ed76d0,Harshini,2026-05-15,23:32:53,-07:00,2026-05-15T23:32:53-07:00,2,11
bikewatching/map.js,285,js,d3ed76d0,Harshini,2026-05-15,23:32:53,-07:00,2026-05-15T23:32:53-07:00,1,1
bikewatching/map.js,286,js,d3ed76d0,Harshini,2026-05-15,23:32:53,-07:00,2026-05-15T23:32:53-07:00,0,0
bikewatching/map.js,287,js,d3ed76d0,Harshini,2026-05-15,23:32:53,-07:00,2026-05-15T23:32:53-07:00,1,49
bikewatching/map.js,288,js,d3ed76d0,Harshini,2026-05-15,23:32:53,-07:00,2026-05-15T23:32:53-07:00,0,1
bikewatching/map.js,289,js,d3ed76d0,Harshini,2026-05-15,23:32:53,-07:00,2026-05-15T23:32:53-07:00,0,0
bikewatching/map.js,290,js,d3ed76d0,Harshini,2026-05-15,23:32:53,-07:00,2026-05-15T23:32:53-07:00,0,42
bikewatching/map.js,291,js,d3ed76d0,Harshini,2026-05-15,23:32:53,-07:00,2026-05-15T23:32:53-07:00,1,45
bikewatching/map.js,292,js,d3ed76d0,Harshini,2026-05-15,23:32:53,-07:00,2026-05-15T23:32:53-07:00,0,1
bikewatching/map.js,293,js,d3ed76d0,Harshini,2026-05-15,23:32:53,-07:00,2026-05-15T23:32:53-07:00,0,0
bikewatching/map.js,294,js,d3ed76d0,Harshini,2026-05-15,23:32:53,-07:00,2026-05-15T23:32:53-07:00,0,34
bikewatching/map.js,295,js,d3ed76d0,Harshini,2026-05-15,23:32:53,-07:00,2026-05-15T23:32:53-07:00,1,51
bikewatching/map.js,296,js,d3ed76d0,Harshini,2026-05-15,23:32:53,-07:00,2026-05-15T23:32:53-07:00,1,54
bikewatching/map.js,297,js,d3ed76d0,Harshini,2026-05-15,23:32:53,-07:00,2026-05-15T23:32:53-07:00,1,50
bikewatching/map.js,298,js,d3ed76d0,Harshini,2026-05-15,23:32:53,-07:00,2026-05-15T23:32:53-07:00,0,0
bikewatching/map.js,299,js,d3ed76d0,Harshini,2026-05-15,23:32:53,-07:00,2026-05-15T23:32:53-07:00,1,23
bikewatching/map.js,300,js,d3ed76d0,Harshini,2026-05-15,23:32:53,-07:00,2026-05-15T23:32:53-07:00,0,20
bikewatching/map.js,301,js,d3ed76d0,Harshini,2026-05-15,23:32:53,-07:00,2026-05-15T23:32:53-07:00,0,24
bikewatching/map.js,302,js,d3ed76d0,Harshini,2026-05-15,23:32:53,-07:00,2026-05-15T23:32:53-07:00,0,22
bikewatching/map.js,303,js,d3ed76d0,Harshini,2026-05-15,23:32:53,-07:00,2026-05-15T23:32:53-07:00,0,1
bikewatching/map.js,304,js,d3ed76d0,Harshini,2026-05-15,23:32:53,-07:00,2026-05-15T23:32:53-07:00,0,0
bikewatching/map.js,305,js,d3ed76d0,Harshini,2026-05-15,23:32:53,-07:00,2026-05-15T23:32:53-07:00,0,36
bikewatching/map.js,306,js,d3ed76d0,Harshini,2026-05-15,23:32:53,-07:00,2026-05-15T23:32:53-07:00,1,25
bikewatching/map.js,307,js,d3ed76d0,Harshini,2026-05-15,23:32:53,-07:00,2026-05-15T23:32:53-07:00,2,38
bikewatching/map.js,308,js,d3ed76d0,Harshini,2026-05-15,23:32:53,-07:00,2026-05-15T23:32:53-07:00,2,48
bikewatching/map.js,309,js,d3ed76d0,Harshini,2026-05-15,23:32:53,-07:00,2026-05-15T23:32:53-07:00,2,7
bikewatching/map.js,310,js,d3ed76d0,Harshini,2026-05-15,23:32:53,-07:00,2026-05-15T23:32:53-07:00,1,1
bikewatching/map.js,311,js,d3ed76d0,Harshini,2026-05-15,23:32:53,-07:00,2026-05-15T23:32:53-07:00,0,0
bikewatching/map.js,312,js,d3ed76d0,Harshini,2026-05-15,23:32:53,-07:00,2026-05-15T23:32:53-07:00,1,48
bikewatching/map.js,313,js,d3ed76d0,Harshini,2026-05-15,23:32:53,-07:00,2026-05-15T23:32:53-07:00,1,98
bikewatching/map.js,314,js,d3ed76d0,Harshini,2026-05-15,23:32:53,-07:00,2026-05-15T23:32:53-07:00,2,21
bikewatching/map.js,315,js,d3ed76d0,Harshini,2026-05-15,23:32:53,-07:00,2026-05-15T23:32:53-07:00,1,4
bikewatching/map.js,316,js,d3ed76d0,Harshini,2026-05-15,23:32:53,-07:00,2026-05-15T23:32:53-07:00,0,1
bikewatching/map.js,317,js,d3ed76d0,Harshini,2026-05-15,23:32:53,-07:00,2026-05-15T23:32:53-07:00,0,0
bikewatching/map.js,318,js,d3ed76d0,Harshini,2026-05-15,23:32:53,-07:00,2026-05-15T23:32:53-07:00,0,31
bikewatching/map.js,319,js,d3ed76d0,Harshini,2026-05-15,23:32:53,-07:00,2026-05-15T23:32:53-07:00,1,65
bikewatching/map.js,320,js,d3ed76d0,Harshini,2026-05-15,23:32:53,-07:00,2026-05-15T23:32:53-07:00,1,47
bikewatching/map.js,321,js,d3ed76d0,Harshini,2026-05-15,23:32:53,-07:00,2026-05-15T23:32:53-07:00,1,35
bikewatching/map.js,322,js,d3ed76d0,Harshini,2026-05-15,23:32:53,-07:00,2026-05-15T23:32:53-07:00,1,43
bikewatching/map.js,323,js,d3ed76d0,Harshini,2026-05-15,23:32:53,-07:00,2026-05-15T23:32:53-07:00,1,35
bikewatching/map.js,324,js,d3ed76d0,Harshini,2026-05-15,23:32:53,-07:00,2026-05-15T23:32:53-07:00,0,0
bikewatching/map.js,325,js,d3ed76d0,Harshini,2026-05-15,23:32:53,-07:00,2026-05-15T23:32:53-07:00,1,66
bikewatching/map.js,326,js,d3ed76d0,Harshini,2026-05-15,23:32:53,-07:00,2026-05-15T23:32:53-07:00,0,1
contact/index.html,1,html,e714c4e9,Harshini118,2026-04-03,18:11:56,-07:00,2026-04-03T18:11:56-07:00,0,15
contact/index.html,2,html,e714c4e9,Harshini118,2026-04-03,18:11:56,-07:00,2026-04-03T18:11:56-07:00,0,16
contact/index.html,3,html,e714c4e9,Harshini118,2026-04-03,18:11:56,-07:00,2026-04-03T18:11:56-07:00,0,6
contact/index.html,4,html,e714c4e9,Harshini118,2026-04-03,18:11:56,-07:00,2026-04-03T18:11:56-07:00,2,22
contact/index.html,5,html,e714c4e9,Harshini118,2026-04-03,18:11:56,-07:00,2026-04-03T18:11:56-07:00,2,70
contact/index.html,6,html,6f25b0e8,Harshini118,2026-04-17,23:21:53,-07:00,2026-04-17T23:21:53-07:00,2,42
contact/index.html,7,html,6f25b0e8,Harshini118,2026-04-17,23:21:53,-07:00,2026-04-17T23:21:53-07:00,0,0
contact/index.html,8,html,bc0fef96,Harshini118,2026-04-17,23:46:26,-07:00,2026-04-17T23:46:26-07:00,2,12
contact/index.html,9,html,6f25b0e8,Harshini118,2026-04-17,23:21:53,-07:00,2026-04-17T23:21:53-07:00,2,43
contact/index.html,10,html,e714c4e9,Harshini118,2026-04-03,18:11:56,-07:00,2026-04-03T18:11:56-07:00,0,7
contact/index.html,11,html,6f25b0e8,Harshini118,2026-04-17,23:21:53,-07:00,2026-04-17T23:21:53-07:00,0,0
contact/index.html,12,html,e714c4e9,Harshini118,2026-04-03,18:11:56,-07:00,2026-04-03T18:11:56-07:00,0,6
contact/index.html,13,html,e714c4e9,Harshini118,2026-04-03,18:11:56,-07:00,2026-04-03T18:11:56-07:00,0,0
contact/index.html,14,html,bc0fef96,Harshini118,2026-04-17,23:46:26,-07:00,2026-04-17T23:46:26-07:00,0,18
contact/index.html,15,html,bc0fef96,Harshini118,2026-04-17,23:46:26,-07:00,2026-04-17T23:46:26-07:00,0,8
contact/index.html,16,html,bc0fef96,Harshini118,2026-04-17,23:46:26,-07:00,2026-04-17T23:46:26-07:00,1,5
contact/index.html,17,html,bc0fef96,Harshini118,2026-04-17,23:46:26,-07:00,2026-04-17T23:46:26-07:00,2,4
contact/index.html,18,html,bc0fef96,Harshini118,2026-04-17,23:46:26,-07:00,2026-04-17T23:46:26-07:00,3,41
contact/index.html,19,html,bc0fef96,Harshini118,2026-04-17,23:46:26,-07:00,2026-04-17T23:46:26-07:00,3,54
contact/index.html,20,html,bc0fef96,Harshini118,2026-04-17,23:46:26,-07:00,2026-04-17T23:46:26-07:00,3,52
contact/index.html,21,html,bc0fef96,Harshini118,2026-04-17,23:46:26,-07:00,2026-04-17T23:46:26-07:00,3,50
contact/index.html,22,html,ca118595,Harshini,2026-05-08,23:08:51,-07:00,2026-05-08T23:08:51-07:00,3,46
contact/index.html,23,html,bc0fef96,Harshini118,2026-04-17,23:46:26,-07:00,2026-04-17T23:46:26-07:00,3,76
contact/index.html,24,html,bc0fef96,Harshini118,2026-04-17,23:46:26,-07:00,2026-04-17T23:46:26-07:00,2,5
contact/index.html,25,html,bc0fef96,Harshini118,2026-04-17,23:46:26,-07:00,2026-04-17T23:46:26-07:00,1,6
contact/index.html,26,html,bc0fef96,Harshini118,2026-04-17,23:46:26,-07:00,2026-04-17T23:46:26-07:00,0,9
contact/index.html,27,html,bc0fef96,Harshini118,2026-04-17,23:46:26,-07:00,2026-04-17T23:46:26-07:00,0,0
contact/index.html,28,html,6f25b0e8,Harshini118,2026-04-17,23:21:53,-07:00,2026-04-17T23:21:53-07:00,0,6
contact/index.html,29,html,bc0fef96,Harshini118,2026-04-17,23:46:26,-07:00,2026-04-17T23:46:26-07:00,1,19
contact/index.html,30,html,bc0fef96,Harshini118,2026-04-17,23:46:26,-07:00,2026-04-17T23:46:26-07:00,0,0
contact/index.html,31,html,bc0fef96,Harshini118,2026-04-17,23:46:26,-07:00,2026-04-17T23:46:26-07:00,1,3
contact/index.html,32,html,bc0fef96,Harshini118,2026-04-17,23:46:26,-07:00,2026-04-17T23:46:26-07:00,2,20
contact/index.html,33,html,bc0fef96,Harshini118,2026-04-17,23:46:26,-07:00,2026-04-17T23:46:26-07:00,2,45
contact/index.html,34,html,bc0fef96,Harshini118,2026-04-17,23:46:26,-07:00,2026-04-17T23:46:26-07:00,3,27
contact/index.html,35,html,bc0fef96,Harshini118,2026-04-17,23:46:26,-07:00,2026-04-17T23:46:26-07:00,2,4
contact/index.html,36,html,bc0fef96,Harshini118,2026-04-17,23:46:26,-07:00,2026-04-17T23:46:26-07:00,1,4
contact/index.html,37,html,bc0fef96,Harshini118,2026-04-17,23:46:26,-07:00,2026-04-17T23:46:26-07:00,0,0
contact/index.html,38,html,bc0fef96,Harshini118,2026-04-17,23:46:26,-07:00,2026-04-17T23:46:26-07:00,1,13
contact/index.html,39,html,bc0fef96,Harshini118,2026-04-17,23:46:26,-07:00,2026-04-17T23:46:26-07:00,1,85
contact/index.html,40,html,bc0fef96,Harshini118,2026-04-17,23:46:26,-07:00,2026-04-17T23:46:26-07:00,2,0
contact/index.html,41,html,bc0fef96,Harshini118,2026-04-17,23:46:26,-07:00,2026-04-17T23:46:26-07:00,2,7
contact/index.html,42,html,bc0fef96,Harshini118,2026-04-17,23:46:26,-07:00,2026-04-17T23:46:26-07:00,3,6
contact/index.html,43,html,bc0fef96,Harshini118,2026-04-17,23:46:26,-07:00,2026-04-17T23:46:26-07:00,3,42
contact/index.html,44,html,bc0fef96,Harshini118,2026-04-17,23:46:26,-07:00,2026-04-17T23:46:26-07:00,2,8
contact/index.html,45,html,bc0fef96,Harshini118,2026-04-17,23:46:26,-07:00,2026-04-17T23:46:26-07:00,0,0
contact/index.html,46,html,bc0fef96,Harshini118,2026-04-17,23:46:26,-07:00,2026-04-17T23:46:26-07:00,2,7
contact/index.html,47,html,bc0fef96,Harshini118,2026-04-17,23:46:26,-07:00,2026-04-17T23:46:26-07:00,3,8
contact/index.html,48,html,bc0fef96,Harshini118,2026-04-17,23:46:26,-07:00,2026-04-17T23:46:26-07:00,3,22
contact/index.html,49,html,bc0fef96,Harshini118,2026-04-17,23:46:26,-07:00,2026-04-17T23:46:26-07:00,2,8
contact/index.html,50,html,bc0fef96,Harshini118,2026-04-17,23:46:26,-07:00,2026-04-17T23:46:26-07:00,0,0
contact/index.html,51,html,bc0fef96,Harshini118,2026-04-17,23:46:26,-07:00,2026-04-17T23:46:26-07:00,2,7
contact/index.html,52,html,bc0fef96,Harshini118,2026-04-17,23:46:26,-07:00,2026-04-17T23:46:26-07:00,3,8
contact/index.html,53,html,bc0fef96,Harshini118,2026-04-17,23:46:26,-07:00,2026-04-17T23:46:26-07:00,3,33
contact/index.html,54,html,bc0fef96,Harshini118,2026-04-17,23:46:26,-07:00,2026-04-17T23:46:26-07:00,2,8
contact/index.html,55,html,bc0fef96,Harshini118,2026-04-17,23:46:26,-07:00,2026-04-17T23:46:26-07:00,0,0
contact/index.html,56,html,bc0fef96,Harshini118,2026-04-17,23:46:26,-07:00,2026-04-17T23:46:26-07:00,2,21
contact/index.html,57,html,bc0fef96,Harshini118,2026-04-17,23:46:26,-07:00,2026-04-17T23:46:26-07:00,0,0
contact/index.html,58,html,bc0fef96,Harshini118,2026-04-17,23:46:26,-07:00,2026-04-17T23:46:26-07:00,1,7
contact/index.html,59,html,6f25b0e8,Harshini118,2026-04-17,23:21:53,-07:00,2026-04-17T23:21:53-07:00,0,7
contact/index.html,60,html,6f25b0e8,Harshini118,2026-04-17,23:21:53,-07:00,2026-04-17T23:21:53-07:00,0,0
contact/index.html,61,html,bc0fef96,Harshini118,2026-04-17,23:46:26,-07:00,2026-04-17T23:46:26-07:00,0,11
contact/index.html,62,html,6f25b0e8,Harshini118,2026-04-17,23:21:53,-07:00,2026-04-17T23:21:53-07:00,0,50
contact/index.html,63,html,6f25b0e8,Harshini118,2026-04-17,23:21:53,-07:00,2026-04-17T23:21:53-07:00,0,0
contact/index.html,64,html,e714c4e9,Harshini118,2026-04-03,18:11:56,-07:00,2026-04-03T18:11:56-07:00,0,7
contact/index.html,65,html,ca118595,Harshini,2026-05-08,23:08:51,-07:00,2026-05-08T23:08:51-07:00,0,7
global.js,1,js,6f25b0e8,Harshini118,2026-04-17,23:21:53,-07:00,2026-04-17T23:21:53-07:00,0,27
global.js,2,js,6f25b0e8,Harshini118,2026-04-17,23:21:53,-07:00,2026-04-17T23:21:53-07:00,0,0
global.js,3,js,6f25b0e8,Harshini118,2026-04-17,23:21:53,-07:00,2026-04-17T23:21:53-07:00,0,9
global.js,4,js,6f25b0e8,Harshini118,2026-04-17,23:21:53,-07:00,2026-04-17T23:21:53-07:00,0,43
global.js,5,js,6f25b0e8,Harshini118,2026-04-17,23:21:53,-07:00,2026-04-17T23:21:53-07:00,1,54
global.js,6,js,6f25b0e8,Harshini118,2026-04-17,23:21:53,-07:00,2026-04-17T23:21:53-07:00,0,1
global.js,7,js,6f25b0e8,Harshini118,2026-04-17,23:21:53,-07:00,2026-04-17T23:21:53-07:00,0,0
global.js,8,js,6f25b0e8,Harshini118,2026-04-17,23:21:53,-07:00,2026-04-17T23:21:53-07:00,0,28
global.js,9,js,bc0fef96,Harshini118,2026-04-17,23:46:26,-07:00,2026-04-17T23:46:26-07:00,1,25
global.js,10,js,6f25b0e8,Harshini118,2026-04-17,23:21:53,-07:00,2026-04-17T23:21:53-07:00,0,28
global.js,11,js,6f25b0e8,Harshini118,2026-04-17,23:21:53,-07:00,2026-04-17T23:21:53-07:00,0,0
global.js,12,js,bc0fef96,Harshini118,2026-04-17,23:46:26,-07:00,2026-04-17T23:46:26-07:00,0,27
global.js,13,js,6f25b0e8,Harshini118,2026-04-17,23:21:53,-07:00,2026-04-17T23:21:53-07:00,0,0
global.js,14,js,bc0fef96,Harshini118,2026-04-17,23:46:26,-07:00,2026-04-17T23:46:26-07:00,0,32
global.js,15,js,bc0fef96,Harshini118,2026-04-17,23:46:26,-07:00,2026-04-17T23:46:26-07:00,1,6
global.js,16,js,bc0fef96,Harshini118,2026-04-17,23:46:26,-07:00,2026-04-17T23:46:26-07:00,2,27
global.js,17,js,bc0fef96,Harshini118,2026-04-17,23:46:26,-07:00,2026-04-17T23:46:26-07:00,2,32
global.js,18,js,6f25b0e8,Harshini118,2026-04-17,23:21:53,-07:00,2026-04-17T23:21:53-07:00,0,2
global.js,19,js,6f25b0e8,Harshini118,2026-04-17,23:21:53,-07:00,2026-04-17T23:21:53-07:00,0,0
global.js,20,js,bc0fef96,Harshini118,2026-04-17,23:46:26,-07:00,2026-04-17T23:46:26-07:00,0,11
global.js,21,js,bc0fef96,Harshini118,2026-04-17,23:46:26,-07:00,2026-04-17T23:46:26-07:00,0,38
global.js,22,js,6f25b0e8,Harshini118,2026-04-17,23:21:53,-07:00,2026-04-17T23:21:53-07:00,0,0
global.js,23,js,bb416ab6,Harshini118,2026-04-18,19:41:34,-07:00,2026-04-18T19:41:34-07:00,0,0
global.js,24,js,6f25b0e8,Harshini118,2026-04-17,23:21:53,-07:00,2026-04-17T23:21:53-07:00,0,28
global.js,25,js,bb416ab6,Harshini118,2026-04-18,19:41:34,-07:00,2026-04-18T19:41:34-07:00,1,17
global.js,26,js,6f25b0e8,Harshini118,2026-04-17,23:21:53,-07:00,2026-04-17T23:21:53-07:00,0,28
global.js,27,js,6f25b0e8,Harshini118,2026-04-17,23:21:53,-07:00,2026-04-17T23:21:53-07:00,0,0
global.js,28,js,bb416ab6,Harshini118,2026-04-18,19:41:34,-07:00,2026-04-18T19:41:34-07:00,0,15
global.js,29,js,6f25b0e8,Harshini118,2026-04-17,23:21:53,-07:00,2026-04-17T23:21:53-07:00,0,33
global.js,30,js,6f25b0e8,Harshini118,2026-04-17,23:21:53,-07:00,2026-04-17T23:21:53-07:00,1,13
global.js,31,js,6f25b0e8,Harshini118,2026-04-17,23:21:53,-07:00,2026-04-17T23:21:53-07:00,1,1
global.js,32,js,6f25b0e8,Harshini118,2026-04-17,23:21:53,-07:00,2026-04-17T23:21:53-07:00,1,28
global.js,33,js,6f25b0e8,Harshini118,2026-04-17,23:21:53,-07:00,2026-04-17T23:21:53-07:00,2,6
global.js,34,js,6f25b0e8,Harshini118,2026-04-17,23:21:53,-07:00,2026-04-17T23:21:53-07:00,2,8
global.js,35,js,bb416ab6,Harshini118,2026-04-18,19:41:34,-07:00,2026-04-18T19:41:34-07:00,3,34
global.js,36,js,6f25b0e8,Harshini118,2026-04-17,23:21:53,-07:00,2026-04-17T23:21:53-07:00,3,36
global.js,37,js,6f25b0e8,Harshini118,2026-04-17,23:21:53,-07:00,2026-04-17T23:21:53-07:00,3,34
global.js,38,js,6f25b0e8,Harshini118,2026-04-17,23:21:53,-07:00,2026-04-17T23:21:53-07:00,2,9
global.js,39,js,6f25b0e8,Harshini118,2026-04-17,23:21:53,-07:00,2026-04-17T23:21:53-07:00,1,8
global.js,40,js,6f25b0e8,Harshini118,2026-04-17,23:21:53,-07:00,2026-04-17T23:21:53-07:00,0,1
global.js,41,js,6f25b0e8,Harshini118,2026-04-17,23:21:53,-07:00,2026-04-17T23:21:53-07:00,0,2
global.js,42,js,6f25b0e8,Harshini118,2026-04-17,23:21:53,-07:00,2026-04-17T23:21:53-07:00,0,0
global.js,43,js,bb416ab6,Harshini118,2026-04-18,19:41:34,-07:00,2026-04-18T19:41:34-07:00,0,60
global.js,44,js,6f25b0e8,Harshini118,2026-04-17,23:21:53,-07:00,2026-04-17T23:21:53-07:00,0,0
global.js,45,js,bc0fef96,Harshini118,2026-04-17,23:46:26,-07:00,2026-04-17T23:46:26-07:00,0,19
global.js,46,js,bb416ab6,Harshini118,2026-04-18,19:41:34,-07:00,2026-04-18T19:41:34-07:00,0,25
global.js,47,js,bb416ab6,Harshini118,2026-04-18,19:41:34,-07:00,2026-04-18T19:41:34-07:00,1,56
global.js,48,js,bb416ab6,Harshini118,2026-04-18,19:41:34,-07:00,2026-04-18T19:41:34-07:00,1,34
global.js,49,js,6f25b0e8,Harshini118,2026-04-17,23:21:53,-07:00,2026-04-17T23:21:53-07:00,0,1
global.js,50,js,6f25b0e8,Harshini118,2026-04-17,23:21:53,-07:00,2026-04-17T23:21:53-07:00,0,0
global.js,51,js,bc0fef96,Harshini118,2026-04-17,23:46:26,-07:00,2026-04-17T23:46:26-07:00,0,15
global.js,52,js,6f25b0e8,Harshini118,2026-04-17,23:21:53,-07:00,2026-04-17T23:21:53-07:00,0,45
global.js,53,js,6f25b0e8,Harshini118,2026-04-17,23:21:53,-07:00,2026-04-17T23:21:53-07:00,1,31
global.js,54,js,6f25b0e8,Harshini118,2026-04-17,23:21:53,-07:00,2026-04-17T23:21:53-07:00,0,0
global.js,55,js,bb416ab6,Harshini118,2026-04-18,19:41:34,-07:00,2026-04-18T19:41:34-07:00,1,23
global.js,56,js,bb416ab6,Harshini118,2026-04-18,19:41:34,-07:00,2026-04-18T19:41:34-07:00,2,40
global.js,57,js,bb416ab6,Harshini118,2026-04-18,19:41:34,-07:00,2026-04-18T19:41:34-07:00,1,8
global.js,58,js,bb416ab6,Harshini118,2026-04-18,19:41:34,-07:00,2026-04-18T19:41:34-07:00,2,43
global.js,59,js,bc0fef96,Harshini118,2026-04-17,23:46:26,-07:00,2026-04-17T23:46:26-07:00,1,1
global.js,60,js,bc0fef96,Harshini118,2026-04-17,23:46:26,-07:00,2026-04-17T23:46:26-07:00,0,0
global.js,61,js,bb416ab6,Harshini118,2026-04-18,19:41:34,-07:00,2026-04-18T19:41:34-07:00,1,27
global.js,62,js,bd2dd16a,Harshini118,2026-04-24,16:07:51,-07:00,2026-04-24T16:07:51-07:00,0,3
global.js,63,js,bd2dd16a,Harshini118,2026-04-24,16:07:51,-07:00,2026-04-24T16:07:51-07:00,0,38
global.js,64,js,bd2dd16a,Harshini118,2026-04-24,16:07:51,-07:00,2026-04-24T16:07:51-07:00,1,5
global.js,65,js,bd2dd16a,Harshini118,2026-04-24,16:07:51,-07:00,2026-04-24T16:07:51-07:00,2,34
global.js,66,js,bd2dd16a,Harshini118,2026-04-24,16:07:51,-07:00,2026-04-24T16:07:51-07:00,0,0
global.js,67,js,bd2dd16a,Harshini118,2026-04-24,16:07:51,-07:00,2026-04-24T16:07:51-07:00,2,19
global.js,68,js,bd2dd16a,Harshini118,2026-04-24,16:07:51,-07:00,2026-04-24T16:07:51-07:00,3,64
global.js,69,js,bd2dd16a,Harshini118,2026-04-24,16:07:51,-07:00,2026-04-24T16:07:51-07:00,2,1
global.js,70,js,bd2dd16a,Harshini118,2026-04-24,16:07:51,-07:00,2026-04-24T16:07:51-07:00,0,0
global.js,71,js,bd2dd16a,Harshini118,2026-04-24,16:07:51,-07:00,2026-04-24T16:07:51-07:00,2,29
global.js,72,js,bd2dd16a,Harshini118,2026-04-24,16:07:51,-07:00,2026-04-24T16:07:51-07:00,1,17
global.js,73,js,bd2dd16a,Harshini118,2026-04-24,16:07:51,-07:00,2026-04-24T16:07:51-07:00,2,61
global.js,74,js,bd2dd16a,Harshini118,2026-04-24,16:07:51,-07:00,2026-04-24T16:07:51-07:00,1,1
global.js,75,js,bd2dd16a,Harshini118,2026-04-24,16:07:51,-07:00,2026-04-24T16:07:51-07:00,0,1
global.js,76,js,bd2dd16a,Harshini118,2026-04-24,16:07:51,-07:00,2026-04-24T16:07:51-07:00,0,0
global.js,77,js,bd2dd16a,Harshini118,2026-04-24,16:07:51,-07:00,2026-04-24T16:07:51-07:00,0,81
global.js,78,js,bd2dd16a,Harshini118,2026-04-24,16:07:51,-07:00,2026-04-24T16:07:51-07:00,1,30
global.js,79,js,bd2dd16a,Harshini118,2026-04-24,16:07:51,-07:00,2026-04-24T16:07:51-07:00,0,0
global.js,80,js,bd2dd16a,Harshini118,2026-04-24,16:07:51,-07:00,2026-04-24T16:07:51-07:00,1,32
global.js,81,js,bd2dd16a,Harshini118,2026-04-24,16:07:51,-07:00,2026-04-24T16:07:51-07:00,0,0
global.js,82,js,bd2dd16a,Harshini118,2026-04-24,16:07:51,-07:00,2026-04-24T16:07:51-07:00,1,31
global.js,83,js,bd2dd16a,Harshini118,2026-04-24,16:07:51,-07:00,2026-04-24T16:07:51-07:00,2,50
global.js,84,js,db4e1b54,Harshini,2026-05-10,18:00:57,-07:00,2026-05-10T18:00:57-07:00,2,47
global.js,85,js,db4e1b54,Harshini,2026-05-10,18:00:57,-07:00,2026-05-10T18:00:57-07:00,2,24
global.js,86,js,db4e1b54,Harshini,2026-05-10,18:00:57,-07:00,2026-05-10T18:00:57-07:00,3,64
global.js,87,js,0b703c92,Harshini,2026-05-09,18:01:18,-07:00,2026-05-09T18:01:18-07:00,3,16
global.js,88,js,db4e1b54,Harshini,2026-05-10,18:00:57,-07:00,2026-05-10T18:00:57-07:00,2,15
global.js,89,js,db4e1b54,Harshini,2026-05-10,18:00:57,-07:00,2026-05-10T18:00:57-07:00,3,83
global.js,90,js,db4e1b54,Harshini,2026-05-10,18:00:57,-07:00,2026-05-10T18:00:57-07:00,3,83
global.js,91,js,db4e1b54,Harshini,2026-05-10,18:00:57,-07:00,2026-05-10T18:00:57-07:00,2,2
global.js,92,js,bd2dd16a,Harshini118,2026-04-24,16:07:51,-07:00,2026-04-24T16:07:51-07:00,0,0
global.js,93,js,bd2dd16a,Harshini118,2026-04-24,16:07:51,-07:00,2026-04-24T16:07:51-07:00,2,21
global.js,94,js,0b703c92,Harshini,2026-05-09,18:01:18,-07:00,2026-05-09T18:01:18-07:00,3,43
global.js,95,js,bd2dd16a,Harshini118,2026-04-24,16:07:51,-07:00,2026-04-24T16:07:51-07:00,3,51
global.js,96,js,bd2dd16a,Harshini118,2026-04-24,16:07:51,-07:00,2026-04-24T16:07:51-07:00,3,29
global.js,97,js,bd2dd16a,Harshini118,2026-04-24,16:07:51,-07:00,2026-04-24T16:07:51-07:00,3,45
global.js,98,js,db4e1b54,Harshini,2026-05-10,18:00:57,-07:00,2026-05-10T18:00:57-07:00,3,60
global.js,99,js,bd2dd16a,Harshini118,2026-04-24,16:07:51,-07:00,2026-04-24T16:07:51-07:00,2,2
global.js,100,js,bd2dd16a,Harshini118,2026-04-24,16:07:51,-07:00,2026-04-24T16:07:51-07:00,0,0
global.js,101,js,bd2dd16a,Harshini118,2026-04-24,16:07:51,-07:00,2026-04-24T16:07:51-07:00,2,38
global.js,102,js,bd2dd16a,Harshini118,2026-04-24,16:07:51,-07:00,2026-04-24T16:07:51-07:00,1,1
global.js,103,js,bd2dd16a,Harshini118,2026-04-24,16:07:51,-07:00,2026-04-24T16:07:51-07:00,0,1
global.js,104,js,bd2dd16a,Harshini118,2026-04-24,16:07:51,-07:00,2026-04-24T16:07:51-07:00,0,0
global.js,105,js,bd2dd16a,Harshini118,2026-04-24,16:07:51,-07:00,2026-04-24T16:07:51-07:00,0,49
global.js,106,js,bd2dd16a,Harshini118,2026-04-24,16:07:51,-07:00,2026-04-24T16:07:51-07:00,1,61
global.js,107,js,bd2dd16a,Harshini118,2026-04-24,16:07:51,-07:00,2026-04-24T16:07:51-07:00,0,1
index.html,1,html,e1dedbae,Harshini118,2026-04-03,17:03:18,-07:00,2026-04-03T17:03:18-07:00,0,15
index.html,2,html,e1dedbae,Harshini118,2026-04-03,17:03:18,-07:00,2026-04-03T17:03:18-07:00,0,16
index.html,3,html,e1dedbae,Harshini118,2026-04-03,17:03:18,-07:00,2026-04-03T17:03:18-07:00,0,6
index.html,4,html,948cdee6,Harshini118,2026-04-24,16:21:39,-07:00,2026-04-24T16:21:39-07:00,1,22
index.html,5,html,948cdee6,Harshini118,2026-04-24,16:21:39,-07:00,2026-04-24T16:21:39-07:00,1,70
index.html,6,html,948cdee6,Harshini118,2026-04-24,16:21:39,-07:00,2026-04-24T16:21:39-07:00,1,61
index.html,7,html,253c9ba6,Harshini118,2026-04-11,23:54:02,-07:00,2026-04-11T23:54:02-07:00,0,0
index.html,8,html,948cdee6,Harshini118,2026-04-24,16:21:39,-07:00,2026-04-24T16:21:39-07:00,1,40
index.html,9,html,e1dedbae,Harshini118,2026-04-03,17:03:18,-07:00,2026-04-03T17:03:18-07:00,0,7
index.html,10,html,253c9ba6,Harshini118,2026-04-11,23:54:02,-07:00,2026-04-11T23:54:02-07:00,0,0
index.html,11,html,e1dedbae,Harshini118,2026-04-03,17:03:18,-07:00,2026-04-03T17:03:18-07:00,0,6
index.html,12,html,e1dedbae,Harshini118,2026-04-03,17:03:18,-07:00,2026-04-03T17:03:18-07:00,0,0
index.html,13,html,bc0fef96,Harshini118,2026-04-17,23:46:26,-07:00,2026-04-17T23:46:26-07:00,0,8
index.html,14,html,bc0fef96,Harshini118,2026-04-17,23:46:26,-07:00,2026-04-17T23:46:26-07:00,1,5
index.html,15,html,bc0fef96,Harshini118,2026-04-17,23:46:26,-07:00,2026-04-17T23:46:26-07:00,2,4
index.html,16,html,bc0fef96,Harshini118,2026-04-17,23:46:26,-07:00,2026-04-17T23:46:26-07:00,3,38
index.html,17,html,bc0fef96,Harshini118,2026-04-17,23:46:26,-07:00,2026-04-17T23:46:26-07:00,3,51
index.html,18,html,bc0fef96,Harshini118,2026-04-17,23:46:26,-07:00,2026-04-17T23:46:26-07:00,3,49
index.html,19,html,bc0fef96,Harshini118,2026-04-17,23:46:26,-07:00,2026-04-17T23:46:26-07:00,3,47
index.html,20,html,ca118595,Harshini,2026-05-08,23:08:51,-07:00,2026-05-08T23:08:51-07:00,3,43
index.html,21,html,bc0fef96,Harshini118,2026-04-17,23:46:26,-07:00,2026-04-17T23:46:26-07:00,3,76
index.html,22,html,bc0fef96,Harshini118,2026-04-17,23:46:26,-07:00,2026-04-17T23:46:26-07:00,2,5
index.html,23,html,bc0fef96,Harshini118,2026-04-17,23:46:26,-07:00,2026-04-17T23:46:26-07:00,1,6
index.html,24,html,bc0fef96,Harshini118,2026-04-17,23:46:26,-07:00,2026-04-17T23:46:26-07:00,0,9
index.html,25,html,bc0fef96,Harshini118,2026-04-17,23:46:26,-07:00,2026-04-17T23:46:26-07:00,0,0
index.html,26,html,253c9ba6,Harshini118,2026-04-11,23:54:02,-07:00,2026-04-11T23:54:02-07:00,0,6
index.html,27,html,948cdee6,Harshini118,2026-04-24,16:21:39,-07:00,2026-04-24T16:21:39-07:00,1,26
index.html,28,html,28e5ce62,Harshini118,2026-04-03,18:24:07,-07:00,2026-04-03T18:24:07-07:00,0,0
index.html,29,html,948cdee6,Harshini118,2026-04-24,16:21:39,-07:00,2026-04-24T16:21:39-07:00,1,3
index.html,30,html,948cdee6,Harshini118,2026-04-24,16:21:39,-07:00,2026-04-24T16:21:39-07:00,2,73
index.html,31,html,948cdee6,Harshini118,2026-04-24,16:21:39,-07:00,2026-04-24T16:21:39-07:00,2,71
index.html,32,html,948cdee6,Harshini118,2026-04-24,16:21:39,-07:00,2026-04-24T16:21:39-07:00,2,42
index.html,33,html,948cdee6,Harshini118,2026-04-24,16:21:39,-07:00,2026-04-24T16:21:39-07:00,1,4
index.html,34,html,948cdee6,Harshini118,2026-04-24,16:21:39,-07:00,2026-04-24T16:21:39-07:00,0,0
index.html,35,html,948cdee6,Harshini118,2026-04-24,16:21:39,-07:00,2026-04-24T16:21:39-07:00,1,75
index.html,36,html,948cdee6,Harshini118,2026-04-24,16:21:39,-07:00,2026-04-24T16:21:39-07:00,0,0
index.html,37,html,948cdee6,Harshini118,2026-04-24,16:21:39,-07:00,2026-04-24T16:21:39-07:00,1,20
index.html,38,html,948cdee6,Harshini118,2026-04-24,16:21:39,-07:00,2026-04-24T16:21:39-07:00,1,24
index.html,39,html,948cdee6,Harshini118,2026-04-24,16:21:39,-07:00,2026-04-24T16:21:39-07:00,1,28
index.html,40,html,948cdee6,Harshini118,2026-04-24,16:21:39,-07:00,2026-04-24T16:21:39-07:00,0,0
index.html,41,html,948cdee6,Harshini118,2026-04-24,16:21:39,-07:00,2026-04-24T16:21:39-07:00,1,20
index.html,42,html,948cdee6,Harshini118,2026-04-24,16:21:39,-07:00,2026-04-24T16:21:39-07:00,1,24
index.html,43,html,948cdee6,Harshini118,2026-04-24,16:21:39,-07:00,2026-04-24T16:21:39-07:00,1,30
index.html,44,html,e1dedbae,Harshini118,2026-04-03,17:03:18,-07:00,2026-04-03T17:03:18-07:00,0,0
index.html,45,html,253c9ba6,Harshini118,2026-04-11,23:54:02,-07:00,2026-04-11T23:54:02-07:00,0,7
index.html,46,html,28e5ce62,Harshini118,2026-04-03,18:24:07,-07:00,2026-04-03T18:24:07-07:00,0,0
index.html,47,html,6f25b0e8,Harshini118,2026-04-17,23:21:53,-07:00,2026-04-17T23:21:53-07:00,0,47
index.html,48,html,948cdee6,Harshini118,2026-04-24,16:21:39,-07:00,2026-04-24T16:21:39-07:00,0,52
index.html,49,html,6f25b0e8,Harshini118,2026-04-17,23:21:53,-07:00,2026-04-17T23:21:53-07:00,0,0
index.html,50,html,6938ff18,Harshini118,2026-04-03,18:32:38,-07:00,2026-04-03T18:32:38-07:00,0,7
index.html,51,html,948cdee6,Harshini118,2026-04-24,16:21:39,-07:00,2026-04-24T16:21:39-07:00,0,7
index.js,1,js,43124e3a,Harshini118,2026-04-24,16:14:41,-07:00,2026-04-24T16:14:41-07:00,0,73
index.js,2,js,43124e3a,Harshini118,2026-04-24,16:14:41,-07:00,2026-04-24T16:14:41-07:00,0,0
index.js,3,js,43124e3a,Harshini118,2026-04-24,16:14:41,-07:00,2026-04-24T16:14:41-07:00,0,56
index.js,4,js,43124e3a,Harshini118,2026-04-24,16:14:41,-07:00,2026-04-24T16:14:41-07:00,0,44
index.js,5,js,43124e3a,Harshini118,2026-04-24,16:14:41,-07:00,2026-04-24T16:14:41-07:00,0,0
index.js,6,js,43124e3a,Harshini118,2026-04-24,16:14:41,-07:00,2026-04-24T16:14:41-07:00,0,62
index.js,7,js,43124e3a,Harshini118,2026-04-24,16:14:41,-07:00,2026-04-24T16:14:41-07:00,0,56
index.js,8,js,43124e3a,Harshini118,2026-04-24,16:14:41,-07:00,2026-04-24T16:14:41-07:00,0,0
index.js,9,js,43124e3a,Harshini118,2026-04-24,16:14:41,-07:00,2026-04-24T16:14:41-07:00,0,56
index.js,10,js,43124e3a,Harshini118,2026-04-24,16:14:41,-07:00,2026-04-24T16:14:41-07:00,0,0
index.js,11,js,43124e3a,Harshini118,2026-04-24,16:14:41,-07:00,2026-04-24T16:14:41-07:00,0,62
index.js,12,js,43124e3a,Harshini118,2026-04-24,16:14:41,-07:00,2026-04-24T16:14:41-07:00,0,0
index.js,13,js,43124e3a,Harshini118,2026-04-24,16:14:41,-07:00,2026-04-24T16:14:41-07:00,0,19
index.js,14,js,43124e3a,Harshini118,2026-04-24,16:14:41,-07:00,2026-04-24T16:14:41-07:00,1,26
index.js,15,js,43124e3a,Harshini118,2026-04-24,16:14:41,-07:00,2026-04-24T16:14:41-07:00,2,4
index.js,16,js,43124e3a,Harshini118,2026-04-24,16:14:41,-07:00,2026-04-24T16:14:41-07:00,3,57
index.js,17,js,43124e3a,Harshini118,2026-04-24,16:14:41,-07:00,2026-04-24T16:14:41-07:00,3,57
index.js,18,js,43124e3a,Harshini118,2026-04-24,16:14:41,-07:00,2026-04-24T16:14:41-07:00,3,51
index.js,19,js,43124e3a,Harshini118,2026-04-24,16:14:41,-07:00,2026-04-24T16:14:41-07:00,3,51
index.js,20,js,43124e3a,Harshini118,2026-04-24,16:14:41,-07:00,2026-04-24T16:14:41-07:00,2,5
index.js,21,js,43124e3a,Harshini118,2026-04-24,16:14:41,-07:00,2026-04-24T16:14:41-07:00,1,2
index.js,22,js,43124e3a,Harshini118,2026-04-24,16:14:41,-07:00,2026-04-24T16:14:41-07:00,0,1
lib/projects.json,1,json,9302913d,Harshini118,2026-04-24,16:09:10,-07:00,2026-04-24T16:09:10-07:00,0,1
lib/projects.json,2,json,d3ed76d0,Harshini,2026-05-15,23:32:53,-07:00,2026-05-15T23:32:53-07:00,1,1
lib/projects.json,3,json,d3ed76d0,Harshini,2026-05-15,23:32:53,-07:00,2026-05-15T23:32:53-07:00,2,24
lib/projects.json,4,json,d3ed76d0,Harshini,2026-05-15,23:32:53,-07:00,2026-05-15T23:32:53-07:00,2,15
lib/projects.json,5,json,d3ed76d0,Harshini,2026-05-15,23:32:53,-07:00,2026-05-15T23:32:53-07:00,2,73
lib/projects.json,6,json,d3ed76d0,Harshini,2026-05-15,23:32:53,-07:00,2026-05-15T23:32:53-07:00,2,64
lib/projects.json,7,json,d3ed76d0,Harshini,2026-05-15,23:32:53,-07:00,2026-05-15T23:32:53-07:00,2,98
lib/projects.json,8,json,d3ed76d0,Harshini,2026-05-15,23:32:53,-07:00,2026-05-15T23:32:53-07:00,2,240
lib/projects.json,9,json,d3ed76d0,Harshini,2026-05-15,23:32:53,-07:00,2026-05-15T23:32:53-07:00,1,2
lib/projects.json,10,json,9302913d,Harshini118,2026-04-24,16:09:10,-07:00,2026-04-24T16:09:10-07:00,1,1
lib/projects.json,11,json,0b703c92,Harshini,2026-05-09,18:01:18,-07:00,2026-05-09T18:01:18-07:00,2,44
lib/projects.json,12,json,9302913d,Harshini118,2026-04-24,16:09:10,-07:00,2026-04-24T16:09:10-07:00,2,15
lib/projects.json,13,json,0b703c92,Harshini,2026-05-09,18:01:18,-07:00,2026-05-09T18:01:18-07:00,2,48
lib/projects.json,14,json,9302913d,Harshini118,2026-04-24,16:09:10,-07:00,2026-04-24T16:09:10-07:00,2,58
lib/projects.json,15,json,0b703c92,Harshini,2026-05-09,18:01:18,-07:00,2026-05-09T18:01:18-07:00,2,219
lib/projects.json,16,json,9302913d,Harshini118,2026-04-24,16:09:10,-07:00,2026-04-24T16:09:10-07:00,1,2
lib/projects.json,17,json,db4e1b54,Harshini,2026-05-10,18:00:57,-07:00,2026-05-10T18:00:57-07:00,1,1
lib/projects.json,18,json,db4e1b54,Harshini,2026-05-10,18:00:57,-07:00,2026-05-10T18:00:57-07:00,2,35
lib/projects.json,19,json,db4e1b54,Harshini,2026-05-10,18:00:57,-07:00,2026-05-10T18:00:57-07:00,2,15
lib/projects.json,20,json,cabbd4e2,Harshini,2026-05-10,18:16:27,-07:00,2026-05-10T18:16:27-07:00,2,62
lib/projects.json,21,json,db4e1b54,Harshini,2026-05-10,18:00:57,-07:00,2026-05-10T18:00:57-07:00,2,64
lib/projects.json,22,json,db4e1b54,Harshini,2026-05-10,18:00:57,-07:00,2026-05-10T18:00:57-07:00,2,58
lib/projects.json,23,json,db4e1b54,Harshini,2026-05-10,18:00:57,-07:00,2026-05-10T18:00:57-07:00,2,260
lib/projects.json,24,json,db4e1b54,Harshini,2026-05-10,18:00:57,-07:00,2026-05-10T18:00:57-07:00,1,2
lib/projects.json,25,json,9302913d,Harshini118,2026-04-24,16:09:10,-07:00,2026-04-24T16:09:10-07:00,1,1
lib/projects.json,26,json,0b703c92,Harshini,2026-05-09,18:01:18,-07:00,2026-05-09T18:01:18-07:00,2,49
lib/projects.json,27,json,9302913d,Harshini118,2026-04-24,16:09:10,-07:00,2026-04-24T16:09:10-07:00,2,15
lib/projects.json,28,json,0b703c92,Harshini,2026-05-09,18:01:18,-07:00,2026-05-09T18:01:18-07:00,2,49
lib/projects.json,29,json,9302913d,Harshini118,2026-04-24,16:09:10,-07:00,2026-04-24T16:09:10-07:00,2,58
lib/projects.json,30,json,0b703c92,Harshini,2026-05-09,18:01:18,-07:00,2026-05-09T18:01:18-07:00,2,192
lib/projects.json,31,json,9302913d,Harshini118,2026-04-24,16:09:10,-07:00,2026-04-24T16:09:10-07:00,1,2
lib/projects.json,32,json,9302913d,Harshini118,2026-04-24,16:09:10,-07:00,2026-04-24T16:09:10-07:00,1,1
lib/projects.json,33,json,0b703c92,Harshini,2026-05-09,18:01:18,-07:00,2026-05-09T18:01:18-07:00,2,38
lib/projects.json,34,json,9302913d,Harshini118,2026-04-24,16:09:10,-07:00,2026-04-24T16:09:10-07:00,2,15
lib/projects.json,35,json,0b703c92,Harshini,2026-05-09,18:01:18,-07:00,2026-05-09T18:01:18-07:00,2,50
lib/projects.json,36,json,9302913d,Harshini118,2026-04-24,16:09:10,-07:00,2026-04-24T16:09:10-07:00,2,58
lib/projects.json,37,json,0b703c92,Harshini,2026-05-09,18:01:18,-07:00,2026-05-09T18:01:18-07:00,2,207
lib/projects.json,38,json,9302913d,Harshini118,2026-04-24,16:09:10,-07:00,2026-04-24T16:09:10-07:00,1,2
lib/projects.json,39,json,9302913d,Harshini118,2026-04-24,16:09:10,-07:00,2026-04-24T16:09:10-07:00,1,1
lib/projects.json,40,json,0b703c92,Harshini,2026-05-09,18:01:18,-07:00,2026-05-09T18:01:18-07:00,2,24
lib/projects.json,41,json,9302913d,Harshini118,2026-04-24,16:09:10,-07:00,2026-04-24T16:09:10-07:00,2,15
lib/projects.json,42,json,0b703c92,Harshini,2026-05-09,18:01:18,-07:00,2026-05-09T18:01:18-07:00,2,53
lib/projects.json,43,json,9302913d,Harshini118,2026-04-24,16:09:10,-07:00,2026-04-24T16:09:10-07:00,2,58
lib/projects.json,44,json,0b703c92,Harshini,2026-05-09,18:01:18,-07:00,2026-05-09T18:01:18-07:00,2,187
lib/projects.json,45,json,9302913d,Harshini118,2026-04-24,16:09:10,-07:00,2026-04-24T16:09:10-07:00,1,2
lib/projects.json,46,json,9302913d,Harshini118,2026-04-24,16:09:10,-07:00,2026-04-24T16:09:10-07:00,1,1
lib/projects.json,47,json,0b703c92,Harshini,2026-05-09,18:01:18,-07:00,2026-05-09T18:01:18-07:00,2,39
lib/projects.json,48,json,9302913d,Harshini118,2026-04-24,16:09:10,-07:00,2026-04-24T16:09:10-07:00,2,15
lib/projects.json,49,json,0b703c92,Harshini,2026-05-09,18:01:18,-07:00,2026-05-09T18:01:18-07:00,2,53
lib/projects.json,50,json,9302913d,Harshini118,2026-04-24,16:09:10,-07:00,2026-04-24T16:09:10-07:00,2,58
lib/projects.json,51,json,0b703c92,Harshini,2026-05-09,18:01:18,-07:00,2026-05-09T18:01:18-07:00,2,198
lib/projects.json,52,json,9302913d,Harshini118,2026-04-24,16:09:10,-07:00,2026-04-24T16:09:10-07:00,1,1
lib/projects.json,53,json,9302913d,Harshini118,2026-04-24,16:09:10,-07:00,2026-04-24T16:09:10-07:00,0,1
meta/index.html,1,html,ca118595,Harshini,2026-05-08,23:08:51,-07:00,2026-05-08T23:08:51-07:00,0,15
meta/index.html,2,html,ca118595,Harshini,2026-05-08,23:08:51,-07:00,2026-05-08T23:08:51-07:00,0,16
meta/index.html,3,html,ca118595,Harshini,2026-05-08,23:08:51,-07:00,2026-05-08T23:08:51-07:00,0,6
meta/index.html,4,html,ca118595,Harshini,2026-05-08,23:08:51,-07:00,2026-05-08T23:08:51-07:00,1,22
meta/index.html,5,html,ca118595,Harshini,2026-05-08,23:08:51,-07:00,2026-05-08T23:08:51-07:00,1,70
meta/index.html,6,html,ca118595,Harshini,2026-05-08,23:08:51,-07:00,2026-05-08T23:08:51-07:00,1,39
meta/index.html,7,html,ca118595,Harshini,2026-05-08,23:08:51,-07:00,2026-05-08T23:08:51-07:00,1,43
meta/index.html,8,html,ca118595,Harshini,2026-05-08,23:08:51,-07:00,2026-05-08T23:08:51-07:00,0,7
meta/index.html,9,html,ca118595,Harshini,2026-05-08,23:08:51,-07:00,2026-05-08T23:08:51-07:00,0,0
meta/index.html,10,html,ca118595,Harshini,2026-05-08,23:08:51,-07:00,2026-05-08T23:08:51-07:00,0,6
meta/index.html,11,html,ca118595,Harshini,2026-05-08,23:08:51,-07:00,2026-05-08T23:08:51-07:00,0,8
meta/index.html,12,html,ca118595,Harshini,2026-05-08,23:08:51,-07:00,2026-05-08T23:08:51-07:00,1,5
meta/index.html,13,html,ca118595,Harshini,2026-05-08,23:08:51,-07:00,2026-05-08T23:08:51-07:00,2,4
meta/index.html,14,html,ca118595,Harshini,2026-05-08,23:08:51,-07:00,2026-05-08T23:08:51-07:00,3,41
meta/index.html,15,html,ca118595,Harshini,2026-05-08,23:08:51,-07:00,2026-05-08T23:08:51-07:00,3,54
meta/index.html,16,html,ca118595,Harshini,2026-05-08,23:08:51,-07:00,2026-05-08T23:08:51-07:00,3,52
meta/index.html,17,html,ca118595,Harshini,2026-05-08,23:08:51,-07:00,2026-05-08T23:08:51-07:00,3,50
meta/index.html,18,html,ca118595,Harshini,2026-05-08,23:08:51,-07:00,2026-05-08T23:08:51-07:00,3,46
meta/index.html,19,html,ca118595,Harshini,2026-05-08,23:08:51,-07:00,2026-05-08T23:08:51-07:00,3,76
meta/index.html,20,html,ca118595,Harshini,2026-05-08,23:08:51,-07:00,2026-05-08T23:08:51-07:00,2,5
meta/index.html,21,html,ca118595,Harshini,2026-05-08,23:08:51,-07:00,2026-05-08T23:08:51-07:00,1,6
meta/index.html,22,html,ca118595,Harshini,2026-05-08,23:08:51,-07:00,2026-05-08T23:08:51-07:00,0,9
meta/index.html,23,html,ca118595,Harshini,2026-05-08,23:08:51,-07:00,2026-05-08T23:08:51-07:00,0,0
meta/index.html,24,html,ca118595,Harshini,2026-05-08,23:08:51,-07:00,2026-05-08T23:08:51-07:00,0,24
meta/index.html,25,html,ca118595,Harshini,2026-05-08,23:08:51,-07:00,2026-05-08T23:08:51-07:00,1,31
meta/index.html,26,html,ca118595,Harshini,2026-05-08,23:08:51,-07:00,2026-05-08T23:08:51-07:00,1,3
meta/index.html,27,html,ca118595,Harshini,2026-05-08,23:08:51,-07:00,2026-05-08T23:08:51-07:00,2,75
meta/index.html,28,html,ca118595,Harshini,2026-05-08,23:08:51,-07:00,2026-05-08T23:08:51-07:00,2,73
meta/index.html,29,html,ca118595,Harshini,2026-05-08,23:08:51,-07:00,2026-05-08T23:08:51-07:00,1,4
meta/index.html,30,html,ca118595,Harshini,2026-05-08,23:08:51,-07:00,2026-05-08T23:08:51-07:00,0,0
meta/index.html,31,html,fd26099b,Harshini,2026-05-22,21:31:46,-07:00,2026-05-22T21:31:46-07:00,1,31
meta/index.html,32,html,fd26099b,Harshini,2026-05-22,21:31:46,-07:00,2026-05-22T21:31:46-07:00,2,23
meta/index.html,33,html,fd26099b,Harshini,2026-05-22,21:31:46,-07:00,2026-05-22T21:31:46-07:00,2,61
meta/index.html,34,html,fd26099b,Harshini,2026-05-22,21:31:46,-07:00,2026-05-22T21:31:46-07:00,3,32
meta/index.html,35,html,fd26099b,Harshini,2026-05-22,21:31:46,-07:00,2026-05-22T21:31:46-07:00,3,71
meta/index.html,36,html,fd26099b,Harshini,2026-05-22,21:31:46,-07:00,2026-05-22T21:31:46-07:00,3,30
meta/index.html,37,html,fd26099b,Harshini,2026-05-22,21:31:46,-07:00,2026-05-22T21:31:46-07:00,2,8
meta/index.html,38,html,fd26099b,Harshini,2026-05-22,21:31:46,-07:00,2026-05-22T21:31:46-07:00,1,10
meta/index.html,39,html,fd26099b,Harshini,2026-05-22,21:31:46,-07:00,2026-05-22T21:31:46-07:00,0,0
meta/index.html,40,html,ca118595,Harshini,2026-05-08,23:08:51,-07:00,2026-05-08T23:08:51-07:00,1,9
meta/index.html,41,html,ca118595,Harshini,2026-05-08,23:08:51,-07:00,2026-05-08T23:08:51-07:00,2,22
meta/index.html,42,html,ca118595,Harshini,2026-05-08,23:08:51,-07:00,2026-05-08T23:08:51-07:00,2,22
meta/index.html,43,html,ca118595,Harshini,2026-05-08,23:08:51,-07:00,2026-05-08T23:08:51-07:00,1,10
meta/index.html,44,html,ca118595,Harshini,2026-05-08,23:08:51,-07:00,2026-05-08T23:08:51-07:00,0,0
meta/index.html,45,html,fd26099b,Harshini,2026-05-22,21:31:46,-07:00,2026-05-22T21:31:46-07:00,1,38
meta/index.html,46,html,ca118595,Harshini,2026-05-08,23:08:51,-07:00,2026-05-08T23:08:51-07:00,2,31
meta/index.html,47,html,fd26099b,Harshini,2026-05-22,21:31:46,-07:00,2026-05-22T21:31:46-07:00,2,20
meta/index.html,48,html,fd26099b,Harshini,2026-05-22,21:31:46,-07:00,2026-05-22T21:31:46-07:00,3,60
meta/index.html,49,html,fd26099b,Harshini,2026-05-22,21:31:46,-07:00,2026-05-22T21:31:46-07:00,3,23
meta/index.html,50,html,fd26099b,Harshini,2026-05-22,21:31:46,-07:00,2026-05-22T21:31:46-07:00,4,47
meta/index.html,51,html,fd26099b,Harshini,2026-05-22,21:31:46,-07:00,2026-05-22T21:31:46-07:00,4,22
meta/index.html,52,html,fd26099b,Harshini,2026-05-22,21:31:46,-07:00,2026-05-22T21:31:46-07:00,4,47
meta/index.html,53,html,fd26099b,Harshini,2026-05-22,21:31:46,-07:00,2026-05-22T21:31:46-07:00,3,6
meta/index.html,54,html,fd26099b,Harshini,2026-05-22,21:31:46,-07:00,2026-05-22T21:31:46-07:00,2,6
meta/index.html,55,html,fd26099b,Harshini,2026-05-22,21:31:46,-07:00,2026-05-22T21:31:46-07:00,1,10
meta/index.html,56,html,fd26099b,Harshini,2026-05-22,21:31:46,-07:00,2026-05-22T21:31:46-07:00,0,0
meta/index.html,57,html,fd26099b,Harshini,2026-05-22,21:31:46,-07:00,2026-05-22T21:31:46-07:00,1,9
meta/index.html,58,html,fd26099b,Harshini,2026-05-22,21:31:46,-07:00,2026-05-22T21:31:46-07:00,2,33
meta/index.html,59,html,fd26099b,Harshini,2026-05-22,21:31:46,-07:00,2026-05-22T21:31:46-07:00,2,3
meta/index.html,60,html,fd26099b,Harshini,2026-05-22,21:31:46,-07:00,2026-05-22T21:31:46-07:00,3,74
meta/index.html,61,html,fd26099b,Harshini,2026-05-22,21:31:46,-07:00,2026-05-22T21:31:46-07:00,3,21
meta/index.html,62,html,fd26099b,Harshini,2026-05-22,21:31:46,-07:00,2026-05-22T21:31:46-07:00,2,4
meta/index.html,63,html,fd26099b,Harshini,2026-05-22,21:31:46,-07:00,2026-05-22T21:31:46-07:00,2,20
meta/index.html,64,html,ca118595,Harshini,2026-05-08,23:08:51,-07:00,2026-05-08T23:08:51-07:00,1,10
meta/index.html,65,html,ca118595,Harshini,2026-05-08,23:08:51,-07:00,2026-05-08T23:08:51-07:00,0,0
meta/index.html,66,html,ca118595,Harshini,2026-05-08,23:08:51,-07:00,2026-05-08T23:08:51-07:00,1,52
meta/index.html,67,html,ca118595,Harshini,2026-05-08,23:08:51,-07:00,2026-05-08T23:08:51-07:00,2,15
meta/index.html,68,html,ca118595,Harshini,2026-05-08,23:08:51,-07:00,2026-05-08T23:08:51-07:00,2,57
meta/index.html,69,html,ca118595,Harshini,2026-05-08,23:08:51,-07:00,2026-05-08T23:08:51-07:00,0,0
meta/index.html,70,html,ca118595,Harshini,2026-05-08,23:08:51,-07:00,2026-05-08T23:08:51-07:00,2,13
meta/index.html,71,html,fd26099b,Harshini,2026-05-22,21:31:46,-07:00,2026-05-22T21:31:46-07:00,2,34
meta/index.html,72,html,ca118595,Harshini,2026-05-08,23:08:51,-07:00,2026-05-08T23:08:51-07:00,0,0
meta/index.html,73,html,ca118595,Harshini,2026-05-08,23:08:51,-07:00,2026-05-08T23:08:51-07:00,2,13
meta/index.html,74,html,fd26099b,Harshini,2026-05-22,21:31:46,-07:00,2026-05-22T21:31:46-07:00,2,34
meta/index.html,75,html,ca118595,Harshini,2026-05-08,23:08:51,-07:00,2026-05-08T23:08:51-07:00,0,0
meta/index.html,76,html,ca118595,Harshini,2026-05-08,23:08:51,-07:00,2026-05-08T23:08:51-07:00,2,15
meta/index.html,77,html,fd26099b,Harshini,2026-05-22,21:31:46,-07:00,2026-05-22T21:31:46-07:00,2,36
meta/index.html,78,html,ca118595,Harshini,2026-05-08,23:08:51,-07:00,2026-05-08T23:08:51-07:00,0,0
meta/index.html,79,html,ca118595,Harshini,2026-05-08,23:08:51,-07:00,2026-05-08T23:08:51-07:00,2,14
meta/index.html,80,html,fd26099b,Harshini,2026-05-22,21:31:46,-07:00,2026-05-22T21:31:46-07:00,2,35
meta/index.html,81,html,ca118595,Harshini,2026-05-08,23:08:51,-07:00,2026-05-08T23:08:51-07:00,1,5
meta/index.html,82,html,ca118595,Harshini,2026-05-08,23:08:51,-07:00,2026-05-08T23:08:51-07:00,0,7
meta/index.html,83,html,ca118595,Harshini,2026-05-08,23:08:51,-07:00,2026-05-08T23:08:51-07:00,0,0
meta/index.html,84,html,ca118595,Harshini,2026-05-08,23:08:51,-07:00,2026-05-08T23:08:51-07:00,0,50
meta/index.html,85,html,ca118595,Harshini,2026-05-08,23:08:51,-07:00,2026-05-08T23:08:51-07:00,0,45
meta/index.html,86,html,ca118595,Harshini,2026-05-08,23:08:51,-07:00,2026-05-08T23:08:51-07:00,0,7
meta/index.html,87,html,ca118595,Harshini,2026-05-08,23:08:51,-07:00,2026-05-08T23:08:51-07:00,0,7
meta/main.js,1,js,ca118595,Harshini,2026-05-08,23:08:51,-07:00,2026-05-08T23:08:51-07:00,0,65
meta/main.js,2,js,fd26099b,Harshini,2026-05-22,21:31:46,-07:00,2026-05-22T21:31:46-07:00,0,74
meta/main.js,3,js,ca118595,Harshini,2026-05-08,23:08:51,-07:00,2026-05-08T23:08:51-07:00,0,0
meta/main.js,4,js,ca118595,Harshini,2026-05-08,23:08:51,-07:00,2026-05-08T23:08:51-07:00,0,17
meta/main.js,5,js,fd26099b,Harshini,2026-05-22,21:31:46,-07:00,2026-05-22T21:31:46-07:00,0,25
meta/main.js,6,js,ca118595,Harshini,2026-05-08,23:08:51,-07:00,2026-05-08T23:08:51-07:00,0,11
meta/main.js,7,js,ca118595,Harshini,2026-05-08,23:08:51,-07:00,2026-05-08T23:08:51-07:00,0,11
meta/main.js,8,js,fd26099b,Harshini,2026-05-22,21:31:46,-07:00,2026-05-22T21:31:46-07:00,0,14
meta/main.js,9,js,fd26099b,Harshini,2026-05-22,21:31:46,-07:00,2026-05-22T21:31:46-07:00,0,25
meta/main.js,10,js,fd26099b,Harshini,2026-05-22,21:31:46,-07:00,2026-05-22T21:31:46-07:00,0,18
meta/main.js,11,js,fd26099b,Harshini,2026-05-22,21:31:46,-07:00,2026-05-22T21:31:46-07:00,0,18
meta/main.js,12,js,fd26099b,Harshini,2026-05-22,21:31:46,-07:00,2026-05-22T21:31:46-07:00,0,15
meta/main.js,13,js,fd26099b,Harshini,2026-05-22,21:31:46,-07:00,2026-05-22T21:31:46-07:00,0,0
meta/main.js,14,js,fd26099b,Harshini,2026-05-22,21:31:46,-07:00,2026-05-22T21:31:46-07:00,0,71
meta/main.js,15,js,fd26099b,Harshini,2026-05-22,21:31:46,-07:00,2026-05-22T21:31:46-07:00,0,58
meta/main.js,16,js,fd26099b,Harshini,2026-05-22,21:31:46,-07:00,2026-05-22T21:31:46-07:00,0,61
meta/main.js,17,js,ca118595,Harshini,2026-05-08,23:08:51,-07:00,2026-05-08T23:08:51-07:00,0,0
meta/main.js,18,js,ca118595,Harshini,2026-05-08,23:08:51,-07:00,2026-05-08T23:08:51-07:00,0,27
meta/main.js,19,js,ca118595,Harshini,2026-05-08,23:08:51,-07:00,2026-05-08T23:08:51-07:00,1,36
meta/main.js,20,js,ca118595,Harshini,2026-05-08,23:08:51,-07:00,2026-05-08T23:08:51-07:00,2,7
meta/main.js,21,js,ca118595,Harshini,2026-05-08,23:08:51,-07:00,2026-05-08T23:08:51-07:00,2,23
meta/main.js,22,js,ca118595,Harshini,2026-05-08,23:08:51,-07:00,2026-05-08T23:08:51-07:00,2,25
meta/main.js,23,js,ca118595,Harshini,2026-05-08,23:08:51,-07:00,2026-05-08T23:08:51-07:00,2,27
meta/main.js,24,js,ca118595,Harshini,2026-05-08,23:08:51,-07:00,2026-05-08T23:08:51-07:00,2,51
meta/main.js,25,js,ca118595,Harshini,2026-05-08,23:08:51,-07:00,2026-05-08T23:08:51-07:00,2,33
meta/main.js,26,js,ca118595,Harshini,2026-05-08,23:08:51,-07:00,2026-05-08T23:08:51-07:00,1,4
meta/main.js,27,js,ca118595,Harshini,2026-05-08,23:08:51,-07:00,2026-05-08T23:08:51-07:00,0,1
meta/main.js,28,js,ca118595,Harshini,2026-05-08,23:08:51,-07:00,2026-05-08T23:08:51-07:00,0,0
meta/main.js,29,js,ca118595,Harshini,2026-05-08,23:08:51,-07:00,2026-05-08T23:08:51-07:00,0,31
meta/main.js,30,js,ca118595,Harshini,2026-05-08,23:08:51,-07:00,2026-05-08T23:08:51-07:00,1,9
meta/main.js,31,js,ca118595,Harshini,2026-05-08,23:08:51,-07:00,2026-05-08T23:08:51-07:00,2,30
meta/main.js,32,js,ca118595,Harshini,2026-05-08,23:08:51,-07:00,2026-05-08T23:08:51-07:00,2,27
meta/main.js,33,js,ca118595,Harshini,2026-05-08,23:08:51,-07:00,2026-05-08T23:08:51-07:00,3,23
meta/main.js,34,js,ca118595,Harshini,2026-05-08,23:08:51,-07:00,2026-05-08T23:08:51-07:00,3,57
meta/main.js,35,js,ca118595,Harshini,2026-05-08,23:08:51,-07:00,2026-05-08T23:08:51-07:00,3,13
meta/main.js,36,js,ca118595,Harshini,2026-05-08,23:08:51,-07:00,2026-05-08T23:08:51-07:00,4,11
meta/main.js,37,js,ca118595,Harshini,2026-05-08,23:08:51,-07:00,2026-05-08T23:08:51-07:00,4,65
meta/main.js,38,js,ca118595,Harshini,2026-05-08,23:08:51,-07:00,2026-05-08T23:08:51-07:00,4,7
meta/main.js,39,js,ca118595,Harshini,2026-05-08,23:08:51,-07:00,2026-05-08T23:08:51-07:00,4,5
meta/main.js,40,js,ca118595,Harshini,2026-05-08,23:08:51,-07:00,2026-05-08T23:08:51-07:00,4,5
meta/main.js,41,js,ca118595,Harshini,2026-05-08,23:08:51,-07:00,2026-05-08T23:08:51-07:00,4,9
meta/main.js,42,js,ca118595,Harshini,2026-05-08,23:08:51,-07:00,2026-05-08T23:08:51-07:00,4,9
meta/main.js,43,js,ca118595,Harshini,2026-05-08,23:08:51,-07:00,2026-05-08T23:08:51-07:00,4,59
meta/main.js,44,js,ca118595,Harshini,2026-05-08,23:08:51,-07:00,2026-05-08T23:08:51-07:00,4,25
meta/main.js,45,js,ca118595,Harshini,2026-05-08,23:08:51,-07:00,2026-05-08T23:08:51-07:00,3,2
meta/main.js,46,js,ca118595,Harshini,2026-05-08,23:08:51,-07:00,2026-05-08T23:08:51-07:00,0,0
meta/main.js,47,js,ca118595,Harshini,2026-05-08,23:08:51,-07:00,2026-05-08T23:08:51-07:00,3,37
meta/main.js,48,js,ca118595,Harshini,2026-05-08,23:08:51,-07:00,2026-05-08T23:08:51-07:00,4,13
meta/main.js,49,js,ca118595,Harshini,2026-05-08,23:08:51,-07:00,2026-05-08T23:08:51-07:00,4,20
meta/main.js,50,js,ca118595,Harshini,2026-05-08,23:08:51,-07:00,2026-05-08T23:08:51-07:00,4,18
meta/main.js,51,js,ca118595,Harshini,2026-05-08,23:08:51,-07:00,2026-05-08T23:08:51-07:00,4,16
meta/main.js,52,js,ca118595,Harshini,2026-05-08,23:08:51,-07:00,2026-05-08T23:08:51-07:00,3,3
meta/main.js,53,js,ca118595,Harshini,2026-05-08,23:08:51,-07:00,2026-05-08T23:08:51-07:00,0,0
meta/main.js,54,js,ca118595,Harshini,2026-05-08,23:08:51,-07:00,2026-05-08T23:08:51-07:00,3,11
meta/main.js,55,js,ca118595,Harshini,2026-05-08,23:08:51,-07:00,2026-05-08T23:08:51-07:00,2,2
meta/main.js,56,js,ca118595,Harshini,2026-05-08,23:08:51,-07:00,2026-05-08T23:08:51-07:00,2,41
meta/main.js,57,js,ca118595,Harshini,2026-05-08,23:08:51,-07:00,2026-05-08T23:08:51-07:00,0,1
meta/main.js,58,js,ca118595,Harshini,2026-05-08,23:08:51,-07:00,2026-05-08T23:08:51-07:00,0,0
meta/main.js,59,js,fd26099b,Harshini,2026-05-22,21:31:46,-07:00,2026-05-22T21:31:46-07:00,0,42
meta/main.js,60,js,fd26099b,Harshini,2026-05-22,21:31:46,-07:00,2026-05-22T21:31:46-07:00,1,42
meta/main.js,61,js,fd26099b,Harshini,2026-05-22,21:31:46,-07:00,2026-05-22T21:31:46-07:00,0,1
meta/main.js,62,js,fd26099b,Harshini,2026-05-22,21:31:46,-07:00,2026-05-22T21:31:46-07:00,0,0
meta/main.js,63,js,ca118595,Harshini,2026-05-08,23:08:51,-07:00,2026-05-08T23:08:51-07:00,0,45
meta/main.js,64,js,ca118595,Harshini,2026-05-08,23:08:51,-07:00,2026-05-08T23:08:51-07:00,1,34
meta/main.js,65,js,ca118595,Harshini,2026-05-08,23:08:51,-07:00,2026-05-08T23:08:51-07:00,1,30
meta/main.js,66,js,ca118595,Harshini,2026-05-08,23:08:51,-07:00,2026-05-08T23:08:51-07:00,0,0
meta/main.js,67,js,ca118595,Harshini,2026-05-08,23:08:51,-07:00,2026-05-08T23:08:51-07:00,1,44
meta/main.js,68,js,ca118595,Harshini,2026-05-08,23:08:51,-07:00,2026-05-08T23:08:51-07:00,1,31
meta/main.js,69,js,ca118595,Harshini,2026-05-08,23:08:51,-07:00,2026-05-08T23:08:51-07:00,2,5
meta/main.js,70,js,ca118595,Harshini,2026-05-08,23:08:51,-07:00,2026-05-08T23:08:51-07:00,2,32
meta/main.js,71,js,ca118595,Harshini,2026-05-08,23:08:51,-07:00,2026-05-08T23:08:51-07:00,2,14
meta/main.js,72,js,ca118595,Harshini,2026-05-08,23:08:51,-07:00,2026-05-08T23:08:51-07:00,1,2
meta/main.js,73,js,ca118595,Harshini,2026-05-08,23:08:51,-07:00,2026-05-08T23:08:51-07:00,1,58
meta/main.js,74,js,ca118595,Harshini,2026-05-08,23:08:51,-07:00,2026-05-08T23:08:51-07:00,1,67
meta/main.js,75,js,ca118595,Harshini,2026-05-08,23:08:51,-07:00,2026-05-08T23:08:51-07:00,1,32
meta/main.js,76,js,ca118595,Harshini,2026-05-08,23:08:51,-07:00,2026-05-08T23:08:51-07:00,2,5
meta/main.js,77,js,ca118595,Harshini,2026-05-08,23:08:51,-07:00,2026-05-08T23:08:51-07:00,2,16
meta/main.js,78,js,ca118595,Harshini,2026-05-08,23:08:51,-07:00,2026-05-08T23:08:51-07:00,2,63
meta/main.js,79,js,ca118595,Harshini,2026-05-08,23:08:51,-07:00,2026-05-08T23:08:51-07:00,1,2
meta/main.js,80,js,ca118595,Harshini,2026-05-08,23:08:51,-07:00,2026-05-08T23:08:51-07:00,1,71
meta/main.js,81,js,ca118595,Harshini,2026-05-08,23:08:51,-07:00,2026-05-08T23:08:51-07:00,0,0
meta/main.js,82,js,ca118595,Harshini,2026-05-08,23:08:51,-07:00,2026-05-08T23:08:51-07:00,1,17
meta/main.js,83,js,ca118595,Harshini,2026-05-08,23:08:51,-07:00,2026-05-08T23:08:51-07:00,2,43
meta/main.js,84,js,ca118595,Harshini,2026-05-08,23:08:51,-07:00,2026-05-08T23:08:51-07:00,2,53
meta/main.js,85,js,ca118595,Harshini,2026-05-08,23:08:51,-07:00,2026-05-08T23:08:51-07:00,2,38
meta/main.js,86,js,fd26099b,Harshini,2026-05-22,21:31:46,-07:00,2026-05-22T21:31:46-07:00,2,79
meta/main.js,87,js,ca118595,Harshini,2026-05-08,23:08:51,-07:00,2026-05-08T23:08:51-07:00,2,82
meta/main.js,88,js,ca118595,Harshini,2026-05-08,23:08:51,-07:00,2026-05-08T23:08:51-07:00,2,106
meta/main.js,89,js,ca118595,Harshini,2026-05-08,23:08:51,-07:00,2026-05-08T23:08:51-07:00,2,32
meta/main.js,90,js,ca118595,Harshini,2026-05-08,23:08:51,-07:00,2026-05-08T23:08:51-07:00,1,2
meta/main.js,91,js,ca118595,Harshini,2026-05-08,23:08:51,-07:00,2026-05-08T23:08:51-07:00,0,0
meta/main.js,92,js,ca118595,Harshini,2026-05-08,23:08:51,-07:00,2026-05-08T23:08:51-07:00,1,53
meta/main.js,93,js,ca118595,Harshini,2026-05-08,23:08:51,-07:00,2026-05-08T23:08:51-07:00,0,0
meta/main.js,94,js,ca118595,Harshini,2026-05-08,23:08:51,-07:00,2026-05-08T23:08:51-07:00,1,39
meta/main.js,95,js,ca118595,Harshini,2026-05-08,23:08:51,-07:00,2026-05-08T23:08:51-07:00,2,28
meta/main.js,96,js,ca118595,Harshini,2026-05-08,23:08:51,-07:00,2026-05-08T23:08:51-07:00,2,28
meta/main.js,97,js,ca118595,Harshini,2026-05-08,23:08:51,-07:00,2026-05-08T23:08:51-07:00,1,1
meta/main.js,98,js,ca118595,Harshini,2026-05-08,23:08:51,-07:00,2026-05-08T23:08:51-07:00,0,1
meta/main.js,99,js,ca118595,Harshini,2026-05-08,23:08:51,-07:00,2026-05-08T23:08:51-07:00,0,0
meta/main.js,100,js,ca118595,Harshini,2026-05-08,23:08:51,-07:00,2026-05-08T23:08:51-07:00,0,39
meta/main.js,101,js,ca118595,Harshini,2026-05-08,23:08:51,-07:00,2026-05-08T23:08:51-07:00,1,20
meta/main.js,102,js,ca118595,Harshini,2026-05-08,23:08:51,-07:00,2026-05-08T23:08:51-07:00,0,0
meta/main.js,103,js,ca118595,Harshini,2026-05-08,23:08:51,-07:00,2026-05-08T23:08:51-07:00,1,52
meta/main.js,104,js,fd26099b,Harshini,2026-05-22,21:31:46,-07:00,2026-05-22T21:31:46-07:00,1,60
meta/main.js,105,js,fd26099b,Harshini,2026-05-22,21:31:46,-07:00,2026-05-22T21:31:46-07:00,1,60
meta/main.js,106,js,fd26099b,Harshini,2026-05-22,21:31:46,-07:00,2026-05-22T21:31:46-07:00,1,64
meta/main.js,107,js,fd26099b,Harshini,2026-05-22,21:31:46,-07:00,2026-05-22T21:31:46-07:00,1,62
meta/main.js,108,js,ca118595,Harshini,2026-05-08,23:08:51,-07:00,2026-05-08T23:08:51-07:00,0,0
meta/main.js,109,js,ca118595,Harshini,2026-05-08,23:08:51,-07:00,2026-05-08T23:08:51-07:00,1,23
meta/main.js,110,js,ca118595,Harshini,2026-05-08,23:08:51,-07:00,2026-05-08T23:08:51-07:00,1,41
meta/main.js,111,js,ca118595,Harshini,2026-05-08,23:08:51,-07:00,2026-05-08T23:08:51-07:00,1,79
meta/main.js,112,js,ca118595,Harshini,2026-05-08,23:08:51,-07:00,2026-05-08T23:08:51-07:00,1,80
meta/main.js,113,js,ca118595,Harshini,2026-05-08,23:08:51,-07:00,2026-05-08T23:08:51-07:00,1,35
meta/main.js,114,js,ca118595,Harshini,2026-05-08,23:08:51,-07:00,2026-05-08T23:08:51-07:00,1,54
meta/main.js,115,js,ca118595,Harshini,2026-05-08,23:08:51,-07:00,2026-05-08T23:08:51-07:00,0,1
meta/main.js,116,js,ca118595,Harshini,2026-05-08,23:08:51,-07:00,2026-05-08T23:08:51-07:00,0,0
meta/main.js,117,js,ca118595,Harshini,2026-05-08,23:08:51,-07:00,2026-05-08T23:08:51-07:00,0,45
meta/main.js,118,js,ca118595,Harshini,2026-05-08,23:08:51,-07:00,2026-05-08T23:08:51-07:00,1,58
meta/main.js,119,js,ca118595,Harshini,2026-05-08,23:08:51,-07:00,2026-05-08T23:08:51-07:00,1,28
meta/main.js,120,js,ca118595,Harshini,2026-05-08,23:08:51,-07:00,2026-05-08T23:08:51-07:00,0,1
meta/main.js,121,js,ca118595,Harshini,2026-05-08,23:08:51,-07:00,2026-05-08T23:08:51-07:00,0,0
meta/main.js,122,js,ca118595,Harshini,2026-05-08,23:08:51,-07:00,2026-05-08T23:08:51-07:00,0,39
meta/main.js,123,js,ca118595,Harshini,2026-05-08,23:08:51,-07:00,2026-05-08T23:08:51-07:00,1,58
meta/main.js,124,js,ca118595,Harshini,2026-05-08,23:08:51,-07:00,2026-05-08T23:08:51-07:00,1,47
meta/main.js,125,js,ca118595,Harshini,2026-05-08,23:08:51,-07:00,2026-05-08T23:08:51-07:00,1,46
meta/main.js,126,js,ca118595,Harshini,2026-05-08,23:08:51,-07:00,2026-05-08T23:08:51-07:00,0,1
meta/main.js,127,js,ca118595,Harshini,2026-05-08,23:08:51,-07:00,2026-05-08T23:08:51-07:00,0,0
meta/main.js,128,js,ca118595,Harshini,2026-05-08,23:08:51,-07:00,2026-05-08T23:08:51-07:00,0,46
meta/main.js,129,js,ca118595,Harshini,2026-05-08,23:08:51,-07:00,2026-05-08T23:08:51-07:00,1,17
meta/main.js,130,js,ca118595,Harshini,2026-05-08,23:08:51,-07:00,2026-05-08T23:08:51-07:00,2,13
meta/main.js,131,js,ca118595,Harshini,2026-05-08,23:08:51,-07:00,2026-05-08T23:08:51-07:00,1,1
meta/main.js,132,js,ca118595,Harshini,2026-05-08,23:08:51,-07:00,2026-05-08T23:08:51-07:00,0,0
meta/main.js,133,js,ca118595,Harshini,2026-05-08,23:08:51,-07:00,2026-05-08T23:08:51-07:00,1,39
meta/main.js,134,js,ca118595,Harshini,2026-05-08,23:08:51,-07:00,2026-05-08T23:08:51-07:00,1,34
meta/main.js,135,js,ca118595,Harshini,2026-05-08,23:08:51,-07:00,2026-05-08T23:08:51-07:00,1,34
meta/main.js,136,js,ca118595,Harshini,2026-05-08,23:08:51,-07:00,2026-05-08T23:08:51-07:00,0,0
meta/main.js,137,js,ca118595,Harshini,2026-05-08,23:08:51,-07:00,2026-05-08T23:08:51-07:00,1,48
meta/main.js,138,js,ca118595,Harshini,2026-05-08,23:08:51,-07:00,2026-05-08T23:08:51-07:00,0,1
meta/main.js,139,js,ca118595,Harshini,2026-05-08,23:08:51,-07:00,2026-05-08T23:08:51-07:00,0,0
meta/main.js,140,js,ca118595,Harshini,2026-05-08,23:08:51,-07:00,2026-05-08T23:08:51-07:00,0,40
meta/main.js,141,js,fd26099b,Harshini,2026-05-22,21:31:46,-07:00,2026-05-22T21:31:46-07:00,1,86
meta/main.js,142,js,ca118595,Harshini,2026-05-08,23:08:51,-07:00,2026-05-08T23:08:51-07:00,0,1
meta/main.js,143,js,ca118595,Harshini,2026-05-08,23:08:51,-07:00,2026-05-08T23:08:51-07:00,0,0
meta/main.js,144,js,ca118595,Harshini,2026-05-08,23:08:51,-07:00,2026-05-08T23:08:51-07:00,0,42
meta/main.js,145,js,ca118595,Harshini,2026-05-08,23:08:51,-07:00,2026-05-08T23:08:51-07:00,1,54
meta/main.js,146,js,ca118595,Harshini,2026-05-08,23:08:51,-07:00,2026-05-08T23:08:51-07:00,1,64
meta/main.js,147,js,ca118595,Harshini,2026-05-08,23:08:51,-07:00,2026-05-08T23:08:51-07:00,1,80
meta/main.js,148,js,ca118595,Harshini,2026-05-08,23:08:51,-07:00,2026-05-08T23:08:51-07:00,1,23
meta/main.js,149,js,ca118595,Harshini,2026-05-08,23:08:51,-07:00,2026-05-08T23:08:51-07:00,0,1
meta/main.js,150,js,ca118595,Harshini,2026-05-08,23:08:51,-07:00,2026-05-08T23:08:51-07:00,0,0
meta/main.js,151,js,ca118595,Harshini,2026-05-08,23:08:51,-07:00,2026-05-08T23:08:51-07:00,0,45
meta/main.js,152,js,ca118595,Harshini,2026-05-08,23:08:51,-07:00,2026-05-08T23:08:51-07:00,1,54
meta/main.js,153,js,ca118595,Harshini,2026-05-08,23:08:51,-07:00,2026-05-08T23:08:51-07:00,1,64
meta/main.js,154,js,ca118595,Harshini,2026-05-08,23:08:51,-07:00,2026-05-08T23:08:51-07:00,0,0
meta/main.js,155,js,ca118595,Harshini,2026-05-08,23:08:51,-07:00,2026-05-08T23:08:51-07:00,1,25
meta/main.js,156,js,ca118595,Harshini,2026-05-08,23:08:51,-07:00,2026-05-08T23:08:51-07:00,0,0
meta/main.js,157,js,ca118595,Harshini,2026-05-08,23:08:51,-07:00,2026-05-08T23:08:51-07:00,1,35
meta/main.js,158,js,ca118595,Harshini,2026-05-08,23:08:51,-07:00,2026-05-08T23:08:51-07:00,2,7
meta/main.js,159,js,ca118595,Harshini,2026-05-08,23:08:51,-07:00,2026-05-08T23:08:51-07:00,1,1
meta/main.js,160,js,ca118595,Harshini,2026-05-08,23:08:51,-07:00,2026-05-08T23:08:51-07:00,0,0
meta/main.js,161,js,ca118595,Harshini,2026-05-08,23:08:51,-07:00,2026-05-08T23:08:51-07:00,1,54
meta/main.js,162,js,ca118595,Harshini,2026-05-08,23:08:51,-07:00,2026-05-08T23:08:51-07:00,1,28
meta/main.js,163,js,ca118595,Harshini,2026-05-08,23:08:51,-07:00,2026-05-08T23:08:51-07:00,2,6
meta/main.js,164,js,ca118595,Harshini,2026-05-08,23:08:51,-07:00,2026-05-08T23:08:51-07:00,2,16
meta/main.js,165,js,ca118595,Harshini,2026-05-08,23:08:51,-07:00,2026-05-08T23:08:51-07:00,2,14
meta/main.js,166,js,ca118595,Harshini,2026-05-08,23:08:51,-07:00,2026-05-08T23:08:51-07:00,1,2
meta/main.js,167,js,ca118595,Harshini,2026-05-08,23:08:51,-07:00,2026-05-08T23:08:51-07:00,0,0
meta/main.js,168,js,ca118595,Harshini,2026-05-08,23:08:51,-07:00,2026-05-08T23:08:51-07:00,1,44
meta/main.js,169,js,ca118595,Harshini,2026-05-08,23:08:51,-07:00,2026-05-08T23:08:51-07:00,2,40
meta/main.js,170,js,ca118595,Harshini,2026-05-08,23:08:51,-07:00,2026-05-08T23:08:51-07:00,2,48
meta/main.js,171,js,ca118595,Harshini,2026-05-08,23:08:51,-07:00,2026-05-08T23:08:51-07:00,2,24
meta/main.js,172,js,ca118595,Harshini,2026-05-08,23:08:51,-07:00,2026-05-08T23:08:51-07:00,3,20
meta/main.js,173,js,ca118595,Harshini,2026-05-08,23:08:51,-07:00,2026-05-08T23:08:51-07:00,3,38
meta/main.js,174,js,ca118595,Harshini,2026-05-08,23:08:51,-07:00,2026-05-08T23:08:51-07:00,2,2
meta/main.js,175,js,ca118595,Harshini,2026-05-08,23:08:51,-07:00,2026-05-08T23:08:51-07:00,1,1
meta/main.js,176,js,ca118595,Harshini,2026-05-08,23:08:51,-07:00,2026-05-08T23:08:51-07:00,0,1
meta/main.js,177,js,ca118595,Harshini,2026-05-08,23:08:51,-07:00,2026-05-08T23:08:51-07:00,0,0
meta/main.js,178,js,ca118595,Harshini,2026-05-08,23:08:51,-07:00,2026-05-08T23:08:51-07:00,0,25
meta/main.js,179,js,ca118595,Harshini,2026-05-08,23:08:51,-07:00,2026-05-08T23:08:51-07:00,1,34
meta/main.js,180,js,ca118595,Harshini,2026-05-08,23:08:51,-07:00,2026-05-08T23:08:51-07:00,1,56
meta/main.js,181,js,ca118595,Harshini,2026-05-08,23:08:51,-07:00,2026-05-08T23:08:51-07:00,2,31
meta/main.js,182,js,ca118595,Harshini,2026-05-08,23:08:51,-07:00,2026-05-08T23:08:51-07:00,1,2
meta/main.js,183,js,ca118595,Harshini,2026-05-08,23:08:51,-07:00,2026-05-08T23:08:51-07:00,1,32
meta/main.js,184,js,ca118595,Harshini,2026-05-08,23:08:51,-07:00,2026-05-08T23:08:51-07:00,1,35
meta/main.js,185,js,ca118595,Harshini,2026-05-08,23:08:51,-07:00,2026-05-08T23:08:51-07:00,0,1
meta/main.js,186,js,ca118595,Harshini,2026-05-08,23:08:51,-07:00,2026-05-08T23:08:51-07:00,0,0
meta/main.js,187,js,fd26099b,Harshini,2026-05-22,21:31:46,-07:00,2026-05-22T21:31:46-07:00,0,41
meta/main.js,188,js,fd26099b,Harshini,2026-05-22,21:31:46,-07:00,2026-05-22T21:31:46-07:00,1,18
meta/main.js,189,js,fd26099b,Harshini,2026-05-22,21:31:46,-07:00,2026-05-22T21:31:46-07:00,2,8
meta/main.js,190,js,fd26099b,Harshini,2026-05-22,21:31:46,-07:00,2026-05-22T21:31:46-07:00,2,9
meta/main.js,191,js,fd26099b,Harshini,2026-05-22,21:31:46,-07:00,2026-05-22T21:31:46-07:00,3,22
meta/main.js,192,js,fd26099b,Harshini,2026-05-22,21:31:46,-07:00,2026-05-22T21:31:46-07:00,3,26
meta/main.js,193,js,fd26099b,Harshini,2026-05-22,21:31:46,-07:00,2026-05-22T21:31:46-07:00,2,2
meta/main.js,194,js,fd26099b,Harshini,2026-05-22,21:31:46,-07:00,2026-05-22T21:31:46-07:00,2,32
meta/main.js,195,js,ca118595,Harshini,2026-05-08,23:08:51,-07:00,2026-05-08T23:08:51-07:00,0,0
meta/main.js,196,js,fd26099b,Harshini,2026-05-22,21:31:46,-07:00,2026-05-22T21:31:46-07:00,1,24
meta/main.js,197,js,ca118595,Harshini,2026-05-08,23:08:51,-07:00,2026-05-08T23:08:51-07:00,1,45
meta/main.js,198,js,ca118595,Harshini,2026-05-08,23:08:51,-07:00,2026-05-08T23:08:51-07:00,0,1
meta/main.js,199,js,ca118595,Harshini,2026-05-08,23:08:51,-07:00,2026-05-08T23:08:51-07:00,0,0
meta/main.js,200,js,fd26099b,Harshini,2026-05-22,21:31:46,-07:00,2026-05-22T21:31:46-07:00,0,43
meta/main.js,201,js,fd26099b,Harshini,2026-05-22,21:31:46,-07:00,2026-05-22T21:31:46-07:00,1,9
meta/main.js,202,js,fd26099b,Harshini,2026-05-22,21:31:46,-07:00,2026-05-22T21:31:46-07:00,2,26
meta/main.js,203,js,fd26099b,Harshini,2026-05-22,21:31:46,-07:00,2026-05-22T21:31:46-07:00,2,27
meta/main.js,204,js,fd26099b,Harshini,2026-05-22,21:31:46,-07:00,2026-05-22T21:31:46-07:00,2,38
meta/main.js,205,js,fd26099b,Harshini,2026-05-22,21:31:46,-07:00,2026-05-22T21:31:46-07:00,3,56
meta/main.js,206,js,fd26099b,Harshini,2026-05-22,21:31:46,-07:00,2026-05-22T21:31:46-07:00,3,29
meta/main.js,207,js,fd26099b,Harshini,2026-05-22,21:31:46,-07:00,2026-05-22T21:31:46-07:00,3,30
meta/main.js,208,js,fd26099b,Harshini,2026-05-22,21:31:46,-07:00,2026-05-22T21:31:46-07:00,3,29
meta/main.js,209,js,fd26099b,Harshini,2026-05-22,21:31:46,-07:00,2026-05-22T21:31:46-07:00,2,2
meta/main.js,210,js,fd26099b,Harshini,2026-05-22,21:31:46,-07:00,2026-05-22T21:31:46-07:00,2,39
meta/main.js,211,js,fd26099b,Harshini,2026-05-22,21:31:46,-07:00,2026-05-22T21:31:46-07:00,2,30
meta/main.js,212,js,fd26099b,Harshini,2026-05-22,21:31:46,-07:00,2026-05-22T21:31:46-07:00,3,58
meta/main.js,213,js,fd26099b,Harshini,2026-05-22,21:31:46,-07:00,2026-05-22T21:31:46-07:00,3,31
meta/main.js,214,js,fd26099b,Harshini,2026-05-22,21:31:46,-07:00,2026-05-22T21:31:46-07:00,2,3
meta/main.js,215,js,fd26099b,Harshini,2026-05-22,21:31:46,-07:00,2026-05-22T21:31:46-07:00,0,1
meta/main.js,216,js,fd26099b,Harshini,2026-05-22,21:31:46,-07:00,2026-05-22T21:31:46-07:00,0,0
meta/main.js,217,js,ca118595,Harshini,2026-05-08,23:08:51,-07:00,2026-05-08T23:08:51-07:00,0,40
meta/main.js,218,js,ca118595,Harshini,2026-05-08,23:08:51,-07:00,2026-05-08T23:08:51-07:00,1,19
meta/main.js,219,js,ca118595,Harshini,2026-05-08,23:08:51,-07:00,2026-05-08T23:08:51-07:00,1,19
meta/main.js,220,js,ca118595,Harshini,2026-05-08,23:08:51,-07:00,2026-05-08T23:08:51-07:00,1,60
meta/main.js,221,js,fd26099b,Harshini,2026-05-22,21:31:46,-07:00,2026-05-22T21:31:46-07:00,1,14
meta/main.js,222,js,ca118595,Harshini,2026-05-08,23:08:51,-07:00,2026-05-08T23:08:51-07:00,2,16
meta/main.js,223,js,ca118595,Harshini,2026-05-08,23:08:51,-07:00,2026-05-08T23:08:51-07:00,2,28
meta/main.js,224,js,ca118595,Harshini,2026-05-08,23:08:51,-07:00,2026-05-08T23:08:51-07:00,2,31
meta/main.js,225,js,ca118595,Harshini,2026-05-08,23:08:51,-07:00,2026-05-08T23:08:51-07:00,2,18
meta/main.js,226,js,ca118595,Harshini,2026-05-08,23:08:51,-07:00,2026-05-08T23:08:51-07:00,2,42
meta/main.js,227,js,ca118595,Harshini,2026-05-08,23:08:51,-07:00,2026-05-08T23:08:51-07:00,2,44
meta/main.js,228,js,ca118595,Harshini,2026-05-08,23:08:51,-07:00,2026-05-08T23:08:51-07:00,1,2
meta/main.js,229,js,ca118595,Harshini,2026-05-08,23:08:51,-07:00,2026-05-08T23:08:51-07:00,0,0
meta/main.js,230,js,ca118595,Harshini,2026-05-08,23:08:51,-07:00,2026-05-08T23:08:51-07:00,1,34
meta/main.js,231,js,ca118595,Harshini,2026-05-08,23:08:51,-07:00,2026-05-08T23:08:51-07:00,1,30
meta/main.js,232,js,ca118595,Harshini,2026-05-08,23:08:51,-07:00,2026-05-08T23:08:51-07:00,0,0
meta/main.js,233,js,ca118595,Harshini,2026-05-08,23:08:51,-07:00,2026-05-08T23:08:51-07:00,1,17
meta/main.js,234,js,ca118595,Harshini,2026-05-08,23:08:51,-07:00,2026-05-08T23:08:51-07:00,2,14
meta/main.js,235,js,ca118595,Harshini,2026-05-08,23:08:51,-07:00,2026-05-08T23:08:51-07:00,2,42
meta/main.js,236,js,ca118595,Harshini,2026-05-08,23:08:51,-07:00,2026-05-08T23:08:51-07:00,2,30
meta/main.js,237,js,ca118595,Harshini,2026-05-08,23:08:51,-07:00,2026-05-08T23:08:51-07:00,0,0
meta/main.js,238,js,ca118595,Harshini,2026-05-08,23:08:51,-07:00,2026-05-08T23:08:51-07:00,1,11
meta/main.js,239,js,ca118595,Harshini,2026-05-08,23:08:51,-07:00,2026-05-08T23:08:51-07:00,2,12
meta/main.js,240,js,fd26099b,Harshini,2026-05-22,21:31:46,-07:00,2026-05-22T21:31:46-07:00,2,27
meta/main.js,241,js,ca118595,Harshini,2026-05-08,23:08:51,-07:00,2026-05-08T23:08:51-07:00,2,43
meta/main.js,242,js,ca118595,Harshini,2026-05-08,23:08:51,-07:00,2026-05-08T23:08:51-07:00,2,8
meta/main.js,243,js,ca118595,Harshini,2026-05-08,23:08:51,-07:00,2026-05-08T23:08:51-07:00,0,0
meta/main.js,244,js,ca118595,Harshini,2026-05-08,23:08:51,-07:00,2026-05-08T23:08:51-07:00,1,11
meta/main.js,245,js,ca118595,Harshini,2026-05-08,23:08:51,-07:00,2026-05-08T23:08:51-07:00,2,14
meta/main.js,246,js,ca118595,Harshini,2026-05-08,23:08:51,-07:00,2026-05-08T23:08:51-07:00,2,16
meta/main.js,247,js,ca118595,Harshini,2026-05-08,23:08:51,-07:00,2026-05-08T23:08:51-07:00,2,44
meta/main.js,248,js,ca118595,Harshini,2026-05-08,23:08:51,-07:00,2026-05-08T23:08:51-07:00,0,0
meta/main.js,249,js,ca118595,Harshini,2026-05-08,23:08:51,-07:00,2026-05-08T23:08:51-07:00,1,72
meta/main.js,250,js,ca118595,Harshini,2026-05-08,23:08:51,-07:00,2026-05-08T23:08:51-07:00,1,17
meta/main.js,251,js,ca118595,Harshini,2026-05-08,23:08:51,-07:00,2026-05-08T23:08:51-07:00,2,12
meta/main.js,252,js,fd26099b,Harshini,2026-05-22,21:31:46,-07:00,2026-05-22T21:31:46-07:00,2,39
meta/main.js,253,js,ca118595,Harshini,2026-05-08,23:08:51,-07:00,2026-05-08T23:08:51-07:00,2,16
meta/main.js,254,js,ca118595,Harshini,2026-05-08,23:08:51,-07:00,2026-05-08T23:08:51-07:00,0,0
meta/main.js,255,js,ca118595,Harshini,2026-05-08,23:08:51,-07:00,2026-05-08T23:08:51-07:00,1,3
meta/main.js,256,js,ca118595,Harshini,2026-05-08,23:08:51,-07:00,2026-05-08T23:08:51-07:00,2,12
meta/main.js,257,js,ca118595,Harshini,2026-05-08,23:08:51,-07:00,2026-05-08T23:08:51-07:00,2,27
meta/main.js,258,js,ca118595,Harshini,2026-05-08,23:08:51,-07:00,2026-05-08T23:08:51-07:00,2,54
meta/main.js,259,js,ca118595,Harshini,2026-05-08,23:08:51,-07:00,2026-05-08T23:08:51-07:00,2,70
meta/main.js,260,js,ca118595,Harshini,2026-05-08,23:08:51,-07:00,2026-05-08T23:08:51-07:00,0,0
meta/main.js,261,js,ca118595,Harshini,2026-05-08,23:08:51,-07:00,2026-05-08T23:08:51-07:00,1,3
meta/main.js,262,js,ca118595,Harshini,2026-05-08,23:08:51,-07:00,2026-05-08T23:08:51-07:00,2,12
meta/main.js,263,js,fd26099b,Harshini,2026-05-22,21:31:46,-07:00,2026-05-22T21:31:46-07:00,2,24
meta/main.js,264,js,ca118595,Harshini,2026-05-08,23:08:51,-07:00,2026-05-08T23:08:51-07:00,2,56
meta/main.js,265,js,ca118595,Harshini,2026-05-08,23:08:51,-07:00,2026-05-08T23:08:51-07:00,2,38
meta/main.js,266,js,ca118595,Harshini,2026-05-08,23:08:51,-07:00,2026-05-08T23:08:51-07:00,0,0
meta/main.js,267,js,ca118595,Harshini,2026-05-08,23:08:51,-07:00,2026-05-08T23:08:51-07:00,1,3
meta/main.js,268,js,ca118595,Harshini,2026-05-08,23:08:51,-07:00,2026-05-08T23:08:51-07:00,2,12
meta/main.js,269,js,fd26099b,Harshini,2026-05-22,21:31:46,-07:00,2026-05-22T21:31:46-07:00,2,24
meta/main.js,270,js,ca118595,Harshini,2026-05-08,23:08:51,-07:00,2026-05-08T23:08:51-07:00,2,54
meta/main.js,271,js,ca118595,Harshini,2026-05-08,23:08:51,-07:00,2026-05-08T23:08:51-07:00,2,6
meta/main.js,272,js,ca118595,Harshini,2026-05-08,23:08:51,-07:00,2026-05-08T23:08:51-07:00,3,2
meta/main.js,273,js,ca118595,Harshini,2026-05-08,23:08:51,-07:00,2026-05-08T23:08:51-07:00,4,17
meta/main.js,274,js,ca118595,Harshini,2026-05-08,23:08:51,-07:00,2026-05-08T23:08:51-07:00,4,10
meta/main.js,275,js,ca118595,Harshini,2026-05-08,23:08:51,-07:00,2026-05-08T23:08:51-07:00,4,60
meta/main.js,276,js,ca118595,Harshini,2026-05-08,23:08:51,-07:00,2026-05-08T23:08:51-07:00,2,2
meta/main.js,277,js,ca118595,Harshini,2026-05-08,23:08:51,-07:00,2026-05-08T23:08:51-07:00,0,0
meta/main.js,278,js,ca118595,Harshini,2026-05-08,23:08:51,-07:00,2026-05-08T23:08:51-07:00,1,64
meta/main.js,279,js,ca118595,Harshini,2026-05-08,23:08:51,-07:00,2026-05-08T23:08:51-07:00,1,51
meta/main.js,280,js,ca118595,Harshini,2026-05-08,23:08:51,-07:00,2026-05-08T23:08:51-07:00,0,0
meta/main.js,281,js,ca118595,Harshini,2026-05-08,23:08:51,-07:00,2026-05-08T23:08:51-07:00,1,4
meta/main.js,282,js,ca118595,Harshini,2026-05-08,23:08:51,-07:00,2026-05-08T23:08:51-07:00,2,20
meta/main.js,283,js,fd26099b,Harshini,2026-05-22,21:31:46,-07:00,2026-05-22T21:31:46-07:00,2,33
meta/main.js,284,js,ca118595,Harshini,2026-05-08,23:08:51,-07:00,2026-05-08T23:08:51-07:00,2,15
meta/main.js,285,js,ca118595,Harshini,2026-05-08,23:08:51,-07:00,2026-05-08T23:08:51-07:00,2,38
meta/main.js,286,js,ca118595,Harshini,2026-05-08,23:08:51,-07:00,2026-05-08T23:08:51-07:00,2,38
meta/main.js,287,js,ca118595,Harshini,2026-05-08,23:08:51,-07:00,2026-05-08T23:08:51-07:00,2,39
meta/main.js,288,js,fd26099b,Harshini,2026-05-22,21:31:46,-07:00,2026-05-22T21:31:46-07:00,2,42
meta/main.js,289,js,fd26099b,Harshini,2026-05-22,21:31:46,-07:00,2026-05-22T21:31:46-07:00,2,29
meta/main.js,290,js,fd26099b,Harshini,2026-05-22,21:31:46,-07:00,2026-05-22T21:31:46-07:00,0,0
meta/main.js,291,js,fd26099b,Harshini,2026-05-22,21:31:46,-07:00,2026-05-22T21:31:46-07:00,1,37
meta/main.js,292,js,fd26099b,Harshini,2026-05-22,21:31:46,-07:00,2026-05-22T21:31:46-07:00,0,1
meta/main.js,293,js,fd26099b,Harshini,2026-05-22,21:31:46,-07:00,2026-05-22T21:31:46-07:00,0,0
meta/main.js,294,js,fd26099b,Harshini,2026-05-22,21:31:46,-07:00,2026-05-22T21:31:46-07:00,0,40
meta/main.js,295,js,fd26099b,Harshini,2026-05-22,21:31:46,-07:00,2026-05-22T21:31:46-07:00,1,46
meta/main.js,296,js,fd26099b,Harshini,2026-05-22,21:31:46,-07:00,2026-05-22T21:31:46-07:00,0,0
meta/main.js,297,js,fd26099b,Harshini,2026-05-22,21:31:46,-07:00,2026-05-22T21:31:46-07:00,1,18
meta/main.js,298,js,fd26099b,Harshini,2026-05-22,21:31:46,-07:00,2026-05-22T21:31:46-07:00,2,30
meta/main.js,299,js,fd26099b,Harshini,2026-05-22,21:31:46,-07:00,2026-05-22T21:31:46-07:00,2,7
meta/main.js,300,js,fd26099b,Harshini,2026-05-22,21:31:46,-07:00,2026-05-22T21:31:46-07:00,1,1
meta/main.js,301,js,fd26099b,Harshini,2026-05-22,21:31:46,-07:00,2026-05-22T21:31:46-07:00,0,0
meta/main.js,302,js,fd26099b,Harshini,2026-05-22,21:31:46,-07:00,2026-05-22T21:31:46-07:00,1,72
meta/main.js,303,js,fd26099b,Harshini,2026-05-22,21:31:46,-07:00,2026-05-22T21:31:46-07:00,1,17
meta/main.js,304,js,fd26099b,Harshini,2026-05-22,21:31:46,-07:00,2026-05-22T21:31:46-07:00,2,12
meta/main.js,305,js,fd26099b,Harshini,2026-05-22,21:31:46,-07:00,2026-05-22T21:31:46-07:00,2,39
meta/main.js,306,js,fd26099b,Harshini,2026-05-22,21:31:46,-07:00,2026-05-22T21:31:46-07:00,2,16
meta/main.js,307,js,fd26099b,Harshini,2026-05-22,21:31:46,-07:00,2026-05-22T21:31:46-07:00,1,64
meta/main.js,308,js,fd26099b,Harshini,2026-05-22,21:31:46,-07:00,2026-05-22T21:31:46-07:00,0,0
meta/main.js,309,js,fd26099b,Harshini,2026-05-22,21:31:46,-07:00,2026-05-22T21:31:46-07:00,1,60
meta/main.js,310,js,fd26099b,Harshini,2026-05-22,21:31:46,-07:00,2026-05-22T21:31:46-07:00,1,3
meta/main.js,311,js,fd26099b,Harshini,2026-05-22,21:31:46,-07:00,2026-05-22T21:31:46-07:00,2,19
meta/main.js,312,js,fd26099b,Harshini,2026-05-22,21:31:46,-07:00,2026-05-22T21:31:46-07:00,2,6
meta/main.js,313,js,fd26099b,Harshini,2026-05-22,21:31:46,-07:00,2026-05-22T21:31:46-07:00,3,2
meta/main.js,314,js,fd26099b,Harshini,2026-05-22,21:31:46,-07:00,2026-05-22T21:31:46-07:00,4,17
meta/main.js,315,js,fd26099b,Harshini,2026-05-22,21:31:46,-07:00,2026-05-22T21:31:46-07:00,4,10
meta/main.js,316,js,fd26099b,Harshini,2026-05-22,21:31:46,-07:00,2026-05-22T21:31:46-07:00,4,60
meta/main.js,317,js,fd26099b,Harshini,2026-05-22,21:31:46,-07:00,2026-05-22T21:31:46-07:00,2,2
meta/main.js,318,js,fd26099b,Harshini,2026-05-22,21:31:46,-07:00,2026-05-22T21:31:46-07:00,1,3
meta/main.js,319,js,fd26099b,Harshini,2026-05-22,21:31:46,-07:00,2026-05-22T21:31:46-07:00,2,22
meta/main.js,320,js,fd26099b,Harshini,2026-05-22,21:31:46,-07:00,2026-05-22T21:31:46-07:00,2,70
meta/main.js,321,js,fd26099b,Harshini,2026-05-22,21:31:46,-07:00,2026-05-22T21:31:46-07:00,0,0
meta/main.js,322,js,fd26099b,Harshini,2026-05-22,21:31:46,-07:00,2026-05-22T21:31:46-07:00,1,3
meta/main.js,323,js,fd26099b,Harshini,2026-05-22,21:31:46,-07:00,2026-05-22T21:31:46-07:00,2,17
meta/main.js,324,js,fd26099b,Harshini,2026-05-22,21:31:46,-07:00,2026-05-22T21:31:46-07:00,2,20
meta/main.js,325,js,fd26099b,Harshini,2026-05-22,21:31:46,-07:00,2026-05-22T21:31:46-07:00,2,33
meta/main.js,326,js,fd26099b,Harshini,2026-05-22,21:31:46,-07:00,2026-05-22T21:31:46-07:00,2,6
meta/main.js,327,js,fd26099b,Harshini,2026-05-22,21:31:46,-07:00,2026-05-22T21:31:46-07:00,3,10
meta/main.js,328,js,fd26099b,Harshini,2026-05-22,21:31:46,-07:00,2026-05-22T21:31:46-07:00,4,5
meta/main.js,329,js,fd26099b,Harshini,2026-05-22,21:31:46,-07:00,2026-05-22T21:31:46-07:00,5,17
meta/main.js,330,js,fd26099b,Harshini,2026-05-22,21:31:46,-07:00,2026-05-22T21:31:46-07:00,5,38
meta/main.js,331,js,fd26099b,Harshini,2026-05-22,21:31:46,-07:00,2026-05-22T21:31:46-07:00,5,38
meta/main.js,332,js,fd26099b,Harshini,2026-05-22,21:31:46,-07:00,2026-05-22T21:31:46-07:00,5,13
meta/main.js,333,js,fd26099b,Harshini,2026-05-22,21:31:46,-07:00,2026-05-22T21:31:46-07:00,5,29
meta/main.js,334,js,fd26099b,Harshini,2026-05-22,21:31:46,-07:00,2026-05-22T21:31:46-07:00,3,19
meta/main.js,335,js,fd26099b,Harshini,2026-05-22,21:31:46,-07:00,2026-05-22T21:31:46-07:00,3,24
meta/main.js,336,js,fd26099b,Harshini,2026-05-22,21:31:46,-07:00,2026-05-22T21:31:46-07:00,2,1
meta/main.js,337,js,fd26099b,Harshini,2026-05-22,21:31:46,-07:00,2026-05-22T21:31:46-07:00,2,38
meta/main.js,338,js,fd26099b,Harshini,2026-05-22,21:31:46,-07:00,2026-05-22T21:31:46-07:00,2,38
meta/main.js,339,js,fd26099b,Harshini,2026-05-22,21:31:46,-07:00,2026-05-22T21:31:46-07:00,2,39
meta/main.js,340,js,fd26099b,Harshini,2026-05-22,21:31:46,-07:00,2026-05-22T21:31:46-07:00,2,43
meta/main.js,341,js,fd26099b,Harshini,2026-05-22,21:31:46,-07:00,2026-05-22T21:31:46-07:00,0,0
meta/main.js,342,js,fd26099b,Harshini,2026-05-22,21:31:46,-07:00,2026-05-22T21:31:46-07:00,1,20
meta/main.js,343,js,fd26099b,Harshini,2026-05-22,21:31:46,-07:00,2026-05-22T21:31:46-07:00,2,35
meta/main.js,344,js,fd26099b,Harshini,2026-05-22,21:31:46,-07:00,2026-05-22T21:31:46-07:00,1,1
meta/main.js,345,js,fd26099b,Harshini,2026-05-22,21:31:46,-07:00,2026-05-22T21:31:46-07:00,0,0
meta/main.js,346,js,fd26099b,Harshini,2026-05-22,21:31:46,-07:00,2026-05-22T21:31:46-07:00,1,27
meta/main.js,347,js,fd26099b,Harshini,2026-05-22,21:31:46,-07:00,2026-05-22T21:31:46-07:00,1,30
meta/main.js,348,js,fd26099b,Harshini,2026-05-22,21:31:46,-07:00,2026-05-22T21:31:46-07:00,0,1
meta/main.js,349,js,fd26099b,Harshini,2026-05-22,21:31:46,-07:00,2026-05-22T21:31:46-07:00,0,0
meta/main.js,350,js,fd26099b,Harshini,2026-05-22,21:31:46,-07:00,2026-05-22T21:31:46-07:00,0,40
meta/main.js,351,js,fd26099b,Harshini,2026-05-22,21:31:46,-07:00,2026-05-22T21:31:46-07:00,1,46
meta/main.js,352,js,fd26099b,Harshini,2026-05-22,21:31:46,-07:00,2026-05-22T21:31:46-07:00,1,16
meta/main.js,353,js,fd26099b,Harshini,2026-05-22,21:31:46,-07:00,2026-05-22T21:31:46-07:00,2,29
meta/main.js,354,js,fd26099b,Harshini,2026-05-22,21:31:46,-07:00,2026-05-22T21:31:46-07:00,2,29
meta/main.js,355,js,fd26099b,Harshini,2026-05-22,21:31:46,-07:00,2026-05-22T21:31:46-07:00,3,34
meta/main.js,356,js,ca118595,Harshini,2026-05-08,23:08:51,-07:00,2026-05-08T23:08:51-07:00,2,2
meta/main.js,357,js,fd26099b,Harshini,2026-05-22,21:31:46,-07:00,2026-05-22T21:31:46-07:00,2,49
meta/main.js,358,js,fd26099b,Harshini,2026-05-22,21:31:46,-07:00,2026-05-22T21:31:46-07:00,0,0
meta/main.js,359,js,fd26099b,Harshini,2026-05-22,21:31:46,-07:00,2026-05-22T21:31:46-07:00,1,25
meta/main.js,360,js,fd26099b,Harshini,2026-05-22,21:31:46,-07:00,2026-05-22T21:31:46-07:00,2,17
meta/main.js,361,js,fd26099b,Harshini,2026-05-22,21:31:46,-07:00,2026-05-22T21:31:46-07:00,2,17
meta/main.js,362,js,fd26099b,Harshini,2026-05-22,21:31:46,-07:00,2026-05-22T21:31:46-07:00,2,27
meta/main.js,363,js,fd26099b,Harshini,2026-05-22,21:31:46,-07:00,2026-05-22T21:31:46-07:00,2,16
meta/main.js,364,js,fd26099b,Harshini,2026-05-22,21:31:46,-07:00,2026-05-22T21:31:46-07:00,3,35
meta/main.js,365,js,fd26099b,Harshini,2026-05-22,21:31:46,-07:00,2026-05-22T21:31:46-07:00,4,28
meta/main.js,366,js,fd26099b,Harshini,2026-05-22,21:31:46,-07:00,2026-05-22T21:31:46-07:00,4,18
meta/main.js,367,js,fd26099b,Harshini,2026-05-22,21:31:46,-07:00,2026-05-22T21:31:46-07:00,4,19
meta/main.js,368,js,fd26099b,Harshini,2026-05-22,21:31:46,-07:00,2026-05-22T21:31:46-07:00,4,17
meta/main.js,369,js,fd26099b,Harshini,2026-05-22,21:31:46,-07:00,2026-05-22T21:31:46-07:00,3,3
meta/main.js,370,js,fd26099b,Harshini,2026-05-22,21:31:46,-07:00,2026-05-22T21:31:46-07:00,2,2
meta/main.js,371,js,fd26099b,Harshini,2026-05-22,21:31:46,-07:00,2026-05-22T21:31:46-07:00,0,0
meta/main.js,372,js,fd26099b,Harshini,2026-05-22,21:31:46,-07:00,2026-05-22T21:31:46-07:00,1,55
meta/main.js,373,js,fd26099b,Harshini,2026-05-22,21:31:46,-07:00,2026-05-22T21:31:46-07:00,1,75
meta/main.js,374,js,fd26099b,Harshini,2026-05-22,21:31:46,-07:00,2026-05-22T21:31:46-07:00,0,0
meta/main.js,375,js,fd26099b,Harshini,2026-05-22,21:31:46,-07:00,2026-05-22T21:31:46-07:00,1,14
meta/main.js,376,js,fd26099b,Harshini,2026-05-22,21:31:46,-07:00,2026-05-22T21:31:46-07:00,2,13
meta/main.js,377,js,fd26099b,Harshini,2026-05-22,21:31:46,-07:00,2026-05-22T21:31:46-07:00,2,17
meta/main.js,378,js,fd26099b,Harshini,2026-05-22,21:31:46,-07:00,2026-05-22T21:31:46-07:00,2,6
meta/main.js,379,js,fd26099b,Harshini,2026-05-22,21:31:46,-07:00,2026-05-22T21:31:46-07:00,3,15
meta/main.js,380,js,fd26099b,Harshini,2026-05-22,21:31:46,-07:00,2026-05-22T21:31:46-07:00,3,41
meta/main.js,381,js,fd26099b,Harshini,2026-05-22,21:31:46,-07:00,2026-05-22T21:31:46-07:00,2,1
meta/main.js,382,js,fd26099b,Harshini,2026-05-22,21:31:46,-07:00,2026-05-22T21:31:46-07:00,2,12
meta/main.js,383,js,fd26099b,Harshini,2026-05-22,21:31:46,-07:00,2026-05-22T21:31:46-07:00,2,21
meta/main.js,384,js,fd26099b,Harshini,2026-05-22,21:31:46,-07:00,2026-05-22T21:31:46-07:00,2,60
meta/main.js,385,js,fd26099b,Harshini,2026-05-22,21:31:46,-07:00,2026-05-22T21:31:46-07:00,2,62
meta/main.js,386,js,fd26099b,Harshini,2026-05-22,21:31:46,-07:00,2026-05-22T21:31:46-07:00,0,1
meta/main.js,387,js,fd26099b,Harshini,2026-05-22,21:31:46,-07:00,2026-05-22T21:31:46-07:00,0,0
meta/main.js,388,js,fd26099b,Harshini,2026-05-22,21:31:46,-07:00,2026-05-22T21:31:46-07:00,0,30
meta/main.js,389,js,fd26099b,Harshini,2026-05-22,21:31:46,-07:00,2026-05-22T21:31:46-07:00,1,27
meta/main.js,390,js,fd26099b,Harshini,2026-05-22,21:31:46,-07:00,2026-05-22T21:31:46-07:00,2,19
meta/main.js,391,js,fd26099b,Harshini,2026-05-22,21:31:46,-07:00,2026-05-22T21:31:46-07:00,2,27
meta/main.js,392,js,fd26099b,Harshini,2026-05-22,21:31:46,-07:00,2026-05-22T21:31:46-07:00,2,12
meta/main.js,393,js,fd26099b,Harshini,2026-05-22,21:31:46,-07:00,2026-05-22T21:31:46-07:00,2,22
meta/main.js,394,js,fd26099b,Harshini,2026-05-22,21:31:46,-07:00,2026-05-22T21:31:46-07:00,2,33
meta/main.js,395,js,fd26099b,Harshini,2026-05-22,21:31:46,-07:00,2026-05-22T21:31:46-07:00,2,17
meta/main.js,396,js,fd26099b,Harshini,2026-05-22,21:31:46,-07:00,2026-05-22T21:31:46-07:00,3,29
meta/main.js,397,js,fd26099b,Harshini,2026-05-22,21:31:46,-07:00,2026-05-22T21:31:46-07:00,4,8
meta/main.js,398,js,fd26099b,Harshini,2026-05-22,21:31:46,-07:00,2026-05-22T21:31:46-07:00,4,24
meta/main.js,399,js,fd26099b,Harshini,2026-05-22,21:31:46,-07:00,2026-05-22T21:31:46-07:00,4,20
meta/main.js,400,js,fd26099b,Harshini,2026-05-22,21:31:46,-07:00,2026-05-22T21:31:46-07:00,3,9
meta/main.js,401,js,fd26099b,Harshini,2026-05-22,21:31:46,-07:00,2026-05-22T21:31:46-07:00,0,0
meta/main.js,402,js,fd26099b,Harshini,2026-05-22,21:31:46,-07:00,2026-05-22T21:31:46-07:00,3,8
meta/main.js,403,js,fd26099b,Harshini,2026-05-22,21:31:46,-07:00,2026-05-22T21:31:46-07:00,4,62
meta/main.js,404,js,fd26099b,Harshini,2026-05-22,21:31:46,-07:00,2026-05-22T21:31:46-07:00,4,3
meta/main.js,405,js,fd26099b,Harshini,2026-05-22,21:31:46,-07:00,2026-05-22T21:31:46-07:00,5,38
meta/main.js,406,js,fd26099b,Harshini,2026-05-22,21:31:46,-07:00,2026-05-22T21:31:46-07:00,6,20
meta/main.js,407,js,fd26099b,Harshini,2026-05-22,21:31:46,-07:00,2026-05-22T21:31:46-07:00,6,19
meta/main.js,408,js,fd26099b,Harshini,2026-05-22,21:31:46,-07:00,2026-05-22T21:31:46-07:00,5,11
meta/main.js,409,js,fd26099b,Harshini,2026-05-22,21:31:46,-07:00,2026-05-22T21:31:46-07:00,5,66
meta/main.js,410,js,fd26099b,Harshini,2026-05-22,21:31:46,-07:00,2026-05-22T21:31:46-07:00,4,4
meta/main.js,411,js,fd26099b,Harshini,2026-05-22,21:31:46,-07:00,2026-05-22T21:31:46-07:00,4,3
meta/main.js,412,js,fd26099b,Harshini,2026-05-22,21:31:46,-07:00,2026-05-22T21:31:46-07:00,5,70
meta/main.js,413,js,fd26099b,Harshini,2026-05-22,21:31:46,-07:00,2026-05-22T21:31:46-07:00,5,54
meta/main.js,414,js,fd26099b,Harshini,2026-05-22,21:31:46,-07:00,2026-05-22T21:31:46-07:00,4,4
meta/main.js,415,js,fd26099b,Harshini,2026-05-22,21:31:46,-07:00,2026-05-22T21:31:46-07:00,3,2
meta/main.js,416,js,ca118595,Harshini,2026-05-08,23:08:51,-07:00,2026-05-08T23:08:51-07:00,2,3
meta/main.js,417,js,fd26099b,Harshini,2026-05-22,21:31:46,-07:00,2026-05-22T21:31:46-07:00,0,1
meta/main.js,418,js,ca118595,Harshini,2026-05-08,23:08:51,-07:00,2026-05-08T23:08:51-07:00,0,0
meta/main.js,419,js,fd26099b,Harshini,2026-05-22,21:31:46,-07:00,2026-05-22T21:31:46-07:00,0,34
meta/main.js,420,js,fd26099b,Harshini,2026-05-22,21:31:46,-07:00,2026-05-22T21:31:46-07:00,1,81
meta/main.js,421,js,fd26099b,Harshini,2026-05-22,21:31:46,-07:00,2026-05-22T21:31:46-07:00,0,1
meta/main.js,422,js,fd26099b,Harshini,2026-05-22,21:31:46,-07:00,2026-05-22T21:31:46-07:00,0,0
meta/main.js,423,js,fd26099b,Harshini,2026-05-22,21:31:46,-07:00,2026-05-22T21:31:46-07:00,0,68
meta/main.js,424,js,fd26099b,Harshini,2026-05-22,21:31:46,-07:00,2026-05-22T21:31:46-07:00,1,30
meta/main.js,425,js,fd26099b,Harshini,2026-05-22,21:31:46,-07:00,2026-05-22T21:31:46-07:00,1,69
meta/main.js,426,js,fd26099b,Harshini,2026-05-22,21:31:46,-07:00,2026-05-22T21:31:46-07:00,0,0
meta/main.js,427,js,fd26099b,Harshini,2026-05-22,21:31:46,-07:00,2026-05-22T21:31:46-07:00,1,57
meta/main.js,428,js,fd26099b,Harshini,2026-05-22,21:31:46,-07:00,2026-05-22T21:31:46-07:00,2,31
meta/main.js,429,js,fd26099b,Harshini,2026-05-22,21:31:46,-07:00,2026-05-22T21:31:46-07:00,1,1
meta/main.js,430,js,fd26099b,Harshini,2026-05-22,21:31:46,-07:00,2026-05-22T21:31:46-07:00,0,0
meta/main.js,431,js,fd26099b,Harshini,2026-05-22,21:31:46,-07:00,2026-05-22T21:31:46-07:00,1,42
meta/main.js,432,js,fd26099b,Harshini,2026-05-22,21:31:46,-07:00,2026-05-22T21:31:46-07:00,1,43
meta/main.js,433,js,fd26099b,Harshini,2026-05-22,21:31:46,-07:00,2026-05-22T21:31:46-07:00,1,61
meta/main.js,434,js,fd26099b,Harshini,2026-05-22,21:31:46,-07:00,2026-05-22T21:31:46-07:00,2,18
meta/main.js,435,js,fd26099b,Harshini,2026-05-22,21:31:46,-07:00,2026-05-22T21:31:46-07:00,2,19
meta/main.js,436,js,fd26099b,Harshini,2026-05-22,21:31:46,-07:00,2026-05-22T21:31:46-07:00,1,3
meta/main.js,437,js,fd26099b,Harshini,2026-05-22,21:31:46,-07:00,2026-05-22T21:31:46-07:00,0,0
meta/main.js,438,js,fd26099b,Harshini,2026-05-22,21:31:46,-07:00,2026-05-22T21:31:46-07:00,1,72
meta/main.js,439,js,fd26099b,Harshini,2026-05-22,21:31:46,-07:00,2026-05-22T21:31:46-07:00,1,35
meta/main.js,440,js,fd26099b,Harshini,2026-05-22,21:31:46,-07:00,2026-05-22T21:31:46-07:00,1,35
meta/main.js,441,js,fd26099b,Harshini,2026-05-22,21:31:46,-07:00,2026-05-22T21:31:46-07:00,1,60
meta/main.js,442,js,fd26099b,Harshini,2026-05-22,21:31:46,-07:00,2026-05-22T21:31:46-07:00,0,1
meta/main.js,443,js,fd26099b,Harshini,2026-05-22,21:31:46,-07:00,2026-05-22T21:31:46-07:00,0,0
meta/main.js,444,js,fd26099b,Harshini,2026-05-22,21:31:46,-07:00,2026-05-22T21:31:46-07:00,0,31
meta/main.js,445,js,fd26099b,Harshini,2026-05-22,21:31:46,-07:00,2026-05-22T21:31:46-07:00,1,51
meta/main.js,446,js,fd26099b,Harshini,2026-05-22,21:31:46,-07:00,2026-05-22T21:31:46-07:00,1,54
meta/main.js,447,js,fd26099b,Harshini,2026-05-22,21:31:46,-07:00,2026-05-22T21:31:46-07:00,0,1
meta/main.js,448,js,fd26099b,Harshini,2026-05-22,21:31:46,-07:00,2026-05-22T21:31:46-07:00,0,0
meta/main.js,449,js,fd26099b,Harshini,2026-05-22,21:31:46,-07:00,2026-05-22T21:31:46-07:00,0,32
meta/main.js,450,js,fd26099b,Harshini,2026-05-22,21:31:46,-07:00,2026-05-22T21:31:46-07:00,1,29
meta/main.js,451,js,fd26099b,Harshini,2026-05-22,21:31:46,-07:00,2026-05-22T21:31:46-07:00,0,0
meta/main.js,452,js,fd26099b,Harshini,2026-05-22,21:31:46,-07:00,2026-05-22T21:31:46-07:00,1,8
meta/main.js,453,js,fd26099b,Harshini,2026-05-22,21:31:46,-07:00,2026-05-22T21:31:46-07:00,2,8
meta/main.js,454,js,fd26099b,Harshini,2026-05-22,21:31:46,-07:00,2026-05-22T21:31:46-07:00,3,24
meta/main.js,455,js,fd26099b,Harshini,2026-05-22,21:31:46,-07:00,2026-05-22T21:31:46-07:00,3,25
meta/main.js,456,js,fd26099b,Harshini,2026-05-22,21:31:46,-07:00,2026-05-22T21:31:46-07:00,3,13
meta/main.js,457,js,fd26099b,Harshini,2026-05-22,21:31:46,-07:00,2026-05-22T21:31:46-07:00,2,2
meta/main.js,458,js,fd26099b,Harshini,2026-05-22,21:31:46,-07:00,2026-05-22T21:31:46-07:00,2,28
meta/main.js,459,js,fd26099b,Harshini,2026-05-22,21:31:46,-07:00,2026-05-22T21:31:46-07:00,3,41
meta/main.js,460,js,fd26099b,Harshini,2026-05-22,21:31:46,-07:00,2026-05-22T21:31:46-07:00,3,48
meta/main.js,461,js,fd26099b,Harshini,2026-05-22,21:31:46,-07:00,2026-05-22T21:31:46-07:00,2,3
meta/main.js,462,js,fd26099b,Harshini,2026-05-22,21:31:46,-07:00,2026-05-22T21:31:46-07:00,0,0
meta/main.js,463,js,fd26099b,Harshini,2026-05-22,21:31:46,-07:00,2026-05-22T21:31:46-07:00,1,51
meta/main.js,464,js,ca118595,Harshini,2026-05-08,23:08:51,-07:00,2026-05-08T23:08:51-07:00,0,1
meta/main.js,465,js,ca118595,Harshini,2026-05-08,23:08:51,-07:00,2026-05-08T23:08:51-07:00,0,0
meta/main.js,466,js,ca118595,Harshini,2026-05-08,23:08:51,-07:00,2026-05-08T23:08:51-07:00,0,30
meta/main.js,467,js,ca118595,Harshini,2026-05-08,23:08:51,-07:00,2026-05-08T23:08:51-07:00,0,31
meta/main.js,468,js,fd26099b,Harshini,2026-05-22,21:31:46,-07:00,2026-05-22T21:31:46-07:00,0,26
meta/main.js,469,js,fd26099b,Harshini,2026-05-22,21:31:46,-07:00,2026-05-22T21:31:46-07:00,0,14
meta/main.js,470,js,fd26099b,Harshini,2026-05-22,21:31:46,-07:00,2026-05-22T21:31:46-07:00,1,12
meta/main.js,471,js,fd26099b,Harshini,2026-05-22,21:31:46,-07:00,2026-05-22T21:31:46-07:00,1,46
meta/main.js,472,js,fd26099b,Harshini,2026-05-22,21:31:46,-07:00,2026-05-22T21:31:46-07:00,1,17
meta/main.js,473,js,fd26099b,Harshini,2026-05-22,21:31:46,-07:00,2026-05-22T21:31:46-07:00,0,49
meta/main.js,474,js,fd26099b,Harshini,2026-05-22,21:31:46,-07:00,2026-05-22T21:31:46-07:00,0,0
meta/main.js,475,js,fd26099b,Harshini,2026-05-22,21:31:46,-07:00,2026-05-22T21:31:46-07:00,0,20
meta/main.js,476,js,fd26099b,Harshini,2026-05-22,21:31:46,-07:00,2026-05-22T21:31:46-07:00,0,35
meta/main.js,477,js,fd26099b,Harshini,2026-05-22,21:31:46,-07:00,2026-05-22T21:31:46-07:00,0,35
meta/main.js,478,js,fd26099b,Harshini,2026-05-22,21:31:46,-07:00,2026-05-22T21:31:46-07:00,0,66
meta/main.js,479,js,fd26099b,Harshini,2026-05-22,21:31:46,-07:00,2026-05-22T21:31:46-07:00,0,22
projects/index.html,1,html,e714c4e9,Harshini118,2026-04-03,18:11:56,-07:00,2026-04-03T18:11:56-07:00,0,15
projects/index.html,2,html,e714c4e9,Harshini118,2026-04-03,18:11:56,-07:00,2026-04-03T18:11:56-07:00,0,16
projects/index.html,3,html,e714c4e9,Harshini118,2026-04-03,18:11:56,-07:00,2026-04-03T18:11:56-07:00,0,6
projects/index.html,4,html,cafcc279,Harshini118,2026-04-24,16:12:56,-07:00,2026-04-24T16:12:56-07:00,1,22
projects/index.html,5,html,cafcc279,Harshini118,2026-04-24,16:12:56,-07:00,2026-04-24T16:12:56-07:00,1,70
projects/index.html,6,html,cafcc279,Harshini118,2026-04-24,16:12:56,-07:00,2026-04-24T16:12:56-07:00,1,43
projects/index.html,7,html,afc484b7,Harshini118,2026-04-11,23:29:12,-07:00,2026-04-11T23:29:12-07:00,0,0
projects/index.html,8,html,cafcc279,Harshini118,2026-04-24,16:12:56,-07:00,2026-04-24T16:12:56-07:00,1,43
projects/index.html,9,html,e714c4e9,Harshini118,2026-04-03,18:11:56,-07:00,2026-04-03T18:11:56-07:00,0,7
projects/index.html,10,html,bc0fef96,Harshini118,2026-04-17,23:46:26,-07:00,2026-04-17T23:46:26-07:00,0,0
projects/index.html,11,html,e714c4e9,Harshini118,2026-04-03,18:11:56,-07:00,2026-04-03T18:11:56-07:00,0,6
projects/index.html,12,html,e714c4e9,Harshini118,2026-04-03,18:11:56,-07:00,2026-04-03T18:11:56-07:00,0,0
projects/index.html,13,html,bc0fef96,Harshini118,2026-04-17,23:46:26,-07:00,2026-04-17T23:46:26-07:00,0,8
projects/index.html,14,html,bc0fef96,Harshini118,2026-04-17,23:46:26,-07:00,2026-04-17T23:46:26-07:00,1,5
projects/index.html,15,html,bc0fef96,Harshini118,2026-04-17,23:46:26,-07:00,2026-04-17T23:46:26-07:00,2,4
projects/index.html,16,html,bc0fef96,Harshini118,2026-04-17,23:46:26,-07:00,2026-04-17T23:46:26-07:00,3,41
projects/index.html,17,html,bc0fef96,Harshini118,2026-04-17,23:46:26,-07:00,2026-04-17T23:46:26-07:00,3,54
projects/index.html,18,html,bc0fef96,Harshini118,2026-04-17,23:46:26,-07:00,2026-04-17T23:46:26-07:00,3,52
projects/index.html,19,html,bc0fef96,Harshini118,2026-04-17,23:46:26,-07:00,2026-04-17T23:46:26-07:00,3,50
projects/index.html,20,html,ca118595,Harshini,2026-05-08,23:08:51,-07:00,2026-05-08T23:08:51-07:00,3,46
projects/index.html,21,html,bc0fef96,Harshini118,2026-04-17,23:46:26,-07:00,2026-04-17T23:46:26-07:00,3,76
projects/index.html,22,html,bc0fef96,Harshini118,2026-04-17,23:46:26,-07:00,2026-04-17T23:46:26-07:00,2,5
projects/index.html,23,html,bc0fef96,Harshini118,2026-04-17,23:46:26,-07:00,2026-04-17T23:46:26-07:00,1,6
projects/index.html,24,html,bc0fef96,Harshini118,2026-04-17,23:46:26,-07:00,2026-04-17T23:46:26-07:00,0,9
projects/index.html,25,html,bc0fef96,Harshini118,2026-04-17,23:46:26,-07:00,2026-04-17T23:46:26-07:00,0,0
projects/index.html,26,html,bc0fef96,Harshini118,2026-04-17,23:46:26,-07:00,2026-04-17T23:46:26-07:00,0,6
projects/index.html,27,html,c63e7e8d,Harshini118,2026-04-24,16:11:29,-07:00,2026-04-24T16:11:29-07:00,1,40
projects/index.html,28,html,bc0fef96,Harshini118,2026-04-17,23:46:26,-07:00,2026-04-17T23:46:26-07:00,1,47
projects/index.html,29,html,bc0fef96,Harshini118,2026-04-17,23:46:26,-07:00,2026-04-17T23:46:26-07:00,0,0
projects/index.html,30,html,88a6a534,Harshini,2026-05-01,20:08:35,-07:00,2026-05-01T20:08:35-07:00,1,29
projects/index.html,31,html,88a6a534,Harshini,2026-05-01,20:08:35,-07:00,2026-05-01T20:08:35-07:00,2,90
projects/index.html,32,html,88a6a534,Harshini,2026-05-01,20:08:35,-07:00,2026-05-01T20:08:35-07:00,2,51
projects/index.html,33,html,88a6a534,Harshini,2026-05-01,20:08:35,-07:00,2026-05-01T20:08:35-07:00,1,6
projects/index.html,34,html,88a6a534,Harshini,2026-05-01,20:08:35,-07:00,2026-05-01T20:08:35-07:00,0,0
projects/index.html,35,html,88a6a534,Harshini,2026-05-01,20:08:35,-07:00,2026-05-01T20:08:35-07:00,1,6
projects/index.html,36,html,88a6a534,Harshini,2026-05-01,20:08:35,-07:00,2026-05-01T20:08:35-07:00,2,17
projects/index.html,37,html,88a6a534,Harshini,2026-05-01,20:08:35,-07:00,2026-05-01T20:08:35-07:00,2,13
projects/index.html,38,html,88a6a534,Harshini,2026-05-01,20:08:35,-07:00,2026-05-01T20:08:35-07:00,2,28
projects/index.html,39,html,88a6a534,Harshini,2026-05-01,20:08:35,-07:00,2026-05-01T20:08:35-07:00,2,32
projects/index.html,40,html,88a6a534,Harshini,2026-05-01,20:08:35,-07:00,2026-05-01T20:08:35-07:00,1,1
projects/index.html,41,html,88a6a534,Harshini,2026-05-01,20:08:35,-07:00,2026-05-01T20:08:35-07:00,0,0
projects/index.html,42,html,cafcc279,Harshini118,2026-04-24,16:12:56,-07:00,2026-04-24T16:12:56-07:00,1,36
projects/index.html,43,html,cafcc279,Harshini118,2026-04-24,16:12:56,-07:00,2026-04-24T16:12:56-07:00,1,36
projects/index.html,44,html,6f25b0e8,Harshini118,2026-04-17,23:21:53,-07:00,2026-04-17T23:21:53-07:00,0,0
projects/index.html,45,html,4cae8292,Harshini118,2026-04-11,19:25:58,-07:00,2026-04-11T19:25:58-07:00,0,7
projects/index.html,46,html,bc0fef96,Harshini118,2026-04-17,23:46:26,-07:00,2026-04-17T23:46:26-07:00,0,0
projects/index.html,47,html,cafcc279,Harshini118,2026-04-24,16:12:56,-07:00,2026-04-24T16:12:56-07:00,0,11
projects/index.html,48,html,6f25b0e8,Harshini118,2026-04-17,23:21:53,-07:00,2026-04-17T23:21:53-07:00,0,50
projects/index.html,49,html,cafcc279,Harshini118,2026-04-24,16:12:56,-07:00,2026-04-24T16:12:56-07:00,0,49
projects/index.html,50,html,bc0fef96,Harshini118,2026-04-17,23:46:26,-07:00,2026-04-17T23:46:26-07:00,0,0
projects/index.html,51,html,e714c4e9,Harshini118,2026-04-03,18:11:56,-07:00,2026-04-03T18:11:56-07:00,0,7
projects/index.html,52,html,c63e7e8d,Harshini118,2026-04-24,16:11:29,-07:00,2026-04-24T16:11:29-07:00,0,7
projects/projects.js,1,js,88a6a534,Harshini,2026-05-01,20:08:35,-07:00,2026-05-01T20:08:35-07:00,0,65
projects/projects.js,2,js,80053a62,Harshini118,2026-04-24,16:10:10,-07:00,2026-04-24T16:10:10-07:00,0,57
projects/projects.js,3,js,16a9e8ed,Harshini118,2026-04-24,16:09:55,-07:00,2026-04-24T16:09:55-07:00,0,0
projects/projects.js,4,js,80053a62,Harshini118,2026-04-24,16:10:10,-07:00,2026-04-24T16:10:10-07:00,0,57
projects/projects.js,5,js,80053a62,Harshini118,2026-04-24,16:10:10,-07:00,2026-04-24T16:10:10-07:00,0,62
projects/projects.js,6,js,80053a62,Harshini118,2026-04-24,16:10:10,-07:00,2026-04-24T16:10:10-07:00,0,56
projects/projects.js,7,js,88a6a534,Harshini,2026-05-01,20:08:35,-07:00,2026-05-01T20:08:35-07:00,0,0
projects/projects.js,8,js,88a6a534,Harshini,2026-05-01,20:08:35,-07:00,2026-05-01T20:08:35-07:00,0,15
projects/projects.js,9,js,88a6a534,Harshini,2026-05-01,20:08:35,-07:00,2026-05-01T20:08:35-07:00,0,24
projects/projects.js,10,js,88a6a534,Harshini,2026-05-01,20:08:35,-07:00,2026-05-01T20:08:35-07:00,0,0
projects/projects.js,11,js,88a6a534,Harshini,2026-05-01,20:08:35,-07:00,2026-05-01T20:08:35-07:00,0,57
projects/projects.js,12,js,88a6a534,Harshini,2026-05-01,20:08:35,-07:00,2026-05-01T20:08:35-07:00,0,51
projects/projects.js,13,js,88a6a534,Harshini,2026-05-01,20:08:35,-07:00,2026-05-01T20:08:35-07:00,0,61
projects/projects.js,14,js,88a6a534,Harshini,2026-05-01,20:08:35,-07:00,2026-05-01T20:08:35-07:00,0,0
projects/projects.js,15,js,88a6a534,Harshini,2026-05-01,20:08:35,-07:00,2026-05-01T20:08:35-07:00,0,50
projects/projects.js,16,js,88a6a534,Harshini,2026-05-01,20:08:35,-07:00,2026-05-01T20:08:35-07:00,1,63
projects/projects.js,17,js,88a6a534,Harshini,2026-05-01,20:08:35,-07:00,2026-05-01T20:08:35-07:00,1,48
projects/projects.js,18,js,88a6a534,Harshini,2026-05-01,20:08:35,-07:00,2026-05-01T20:08:35-07:00,0,1
projects/projects.js,19,js,88a6a534,Harshini,2026-05-01,20:08:35,-07:00,2026-05-01T20:08:35-07:00,0,0
projects/projects.js,20,js,88a6a534,Harshini,2026-05-01,20:08:35,-07:00,2026-05-01T20:08:35-07:00,0,38
projects/projects.js,21,js,88a6a534,Harshini,2026-05-01,20:08:35,-07:00,2026-05-01T20:08:35-07:00,1,73
projects/projects.js,22,js,88a6a534,Harshini,2026-05-01,20:08:35,-07:00,2026-05-01T20:08:35-07:00,0,1
projects/projects.js,23,js,88a6a534,Harshini,2026-05-01,20:08:35,-07:00,2026-05-01T20:08:35-07:00,0,0
projects/projects.js,24,js,88a6a534,Harshini,2026-05-01,20:08:35,-07:00,2026-05-01T20:08:35-07:00,0,53
projects/projects.js,25,js,88a6a534,Harshini,2026-05-01,20:08:35,-07:00,2026-05-01T20:08:35-07:00,1,20
projects/projects.js,26,js,88a6a534,Harshini,2026-05-01,20:08:35,-07:00,2026-05-01T20:08:35-07:00,2,30
projects/projects.js,27,js,88a6a534,Harshini,2026-05-01,20:08:35,-07:00,2026-05-01T20:08:35-07:00,1,1
projects/projects.js,28,js,88a6a534,Harshini,2026-05-01,20:08:35,-07:00,2026-05-01T20:08:35-07:00,0,0
projects/projects.js,29,js,88a6a534,Harshini,2026-05-01,20:08:35,-07:00,2026-05-01T20:08:35-07:00,1,81
projects/projects.js,30,js,88a6a534,Harshini,2026-05-01,20:08:35,-07:00,2026-05-01T20:08:35-07:00,0,1
projects/projects.js,31,js,88a6a534,Harshini,2026-05-01,20:08:35,-07:00,2026-05-01T20:08:35-07:00,0,0
projects/projects.js,32,js,88a6a534,Harshini,2026-05-01,20:08:35,-07:00,2026-05-01T20:08:35-07:00,0,40
projects/projects.js,33,js,88a6a534,Harshini,2026-05-01,20:08:35,-07:00,2026-05-01T20:08:35-07:00,1,44
projects/projects.js,34,js,88a6a534,Harshini,2026-05-01,20:08:35,-07:00,2026-05-01T20:08:35-07:00,1,36
projects/projects.js,35,js,88a6a534,Harshini,2026-05-01,20:08:35,-07:00,2026-05-01T20:08:35-07:00,0,0
projects/projects.js,36,js,88a6a534,Harshini,2026-05-01,20:08:35,-07:00,2026-05-01T20:08:35-07:00,1,31
projects/projects.js,37,js,88a6a534,Harshini,2026-05-01,20:08:35,-07:00,2026-05-01T20:08:35-07:00,1,32
projects/projects.js,38,js,88a6a534,Harshini,2026-05-01,20:08:35,-07:00,2026-05-01T20:08:35-07:00,0,0
projects/projects.js,39,js,88a6a534,Harshini,2026-05-01,20:08:35,-07:00,2026-05-01T20:08:35-07:00,1,30
projects/projects.js,40,js,88a6a534,Harshini,2026-05-01,20:08:35,-07:00,2026-05-01T20:08:35-07:00,2,14
projects/projects.js,41,js,88a6a534,Harshini,2026-05-01,20:08:35,-07:00,2026-05-01T20:08:35-07:00,2,16
projects/projects.js,42,js,88a6a534,Harshini,2026-05-01,20:08:35,-07:00,2026-05-01T20:08:35-07:00,2,14
projects/projects.js,43,js,88a6a534,Harshini,2026-05-01,20:08:35,-07:00,2026-05-01T20:08:35-07:00,1,2
projects/projects.js,44,js,88a6a534,Harshini,2026-05-01,20:08:35,-07:00,2026-05-01T20:08:35-07:00,0,0
projects/projects.js,45,js,88a6a534,Harshini,2026-05-01,20:08:35,-07:00,2026-05-01T20:08:35-07:00,1,48
projects/projects.js,46,js,88a6a534,Harshini,2026-05-01,20:08:35,-07:00,2026-05-01T20:08:35-07:00,2,37
projects/projects.js,47,js,88a6a534,Harshini,2026-05-01,20:08:35,-07:00,2026-05-01T20:08:35-07:00,1,3
projects/projects.js,48,js,88a6a534,Harshini,2026-05-01,20:08:35,-07:00,2026-05-01T20:08:35-07:00,0,0
projects/projects.js,49,js,88a6a534,Harshini,2026-05-01,20:08:35,-07:00,2026-05-01T20:08:35-07:00,1,54
projects/projects.js,50,js,88a6a534,Harshini,2026-05-01,20:08:35,-07:00,2026-05-01T20:08:35-07:00,1,37
projects/projects.js,51,js,88a6a534,Harshini,2026-05-01,20:08:35,-07:00,2026-05-01T20:08:35-07:00,1,49
projects/projects.js,52,js,88a6a534,Harshini,2026-05-01,20:08:35,-07:00,2026-05-01T20:08:35-07:00,0,0
projects/projects.js,53,js,88a6a534,Harshini,2026-05-01,20:08:35,-07:00,2026-05-01T20:08:35-07:00,1,26
projects/projects.js,54,js,88a6a534,Harshini,2026-05-01,20:08:35,-07:00,2026-05-01T20:08:35-07:00,2,3
projects/projects.js,55,js,88a6a534,Harshini,2026-05-01,20:08:35,-07:00,2026-05-01T20:08:35-07:00,3,15
projects/projects.js,56,js,88a6a534,Harshini,2026-05-01,20:08:35,-07:00,2026-05-01T20:08:35-07:00,3,15
projects/projects.js,57,js,88a6a534,Harshini,2026-05-01,20:08:35,-07:00,2026-05-01T20:08:35-07:00,3,24
projects/projects.js,58,js,88a6a534,Harshini,2026-05-01,20:08:35,-07:00,2026-05-01T20:08:35-07:00,3,64
projects/projects.js,59,js,88a6a534,Harshini,2026-05-01,20:08:35,-07:00,2026-05-01T20:08:35-07:00,3,20
projects/projects.js,60,js,88a6a534,Harshini,2026-05-01,20:08:35,-07:00,2026-05-01T20:08:35-07:00,4,69
projects/projects.js,61,js,88a6a534,Harshini,2026-05-01,20:08:35,-07:00,2026-05-01T20:08:35-07:00,4,17
projects/projects.js,62,js,88a6a534,Harshini,2026-05-01,20:08:35,-07:00,2026-05-01T20:08:35-07:00,3,3
projects/projects.js,63,js,88a6a534,Harshini,2026-05-01,20:08:35,-07:00,2026-05-01T20:08:35-07:00,1,3
projects/projects.js,64,js,88a6a534,Harshini,2026-05-01,20:08:35,-07:00,2026-05-01T20:08:35-07:00,0,0
projects/projects.js,65,js,88a6a534,Harshini,2026-05-01,20:08:35,-07:00,2026-05-01T20:08:35-07:00,1,24
projects/projects.js,66,js,88a6a534,Harshini,2026-05-01,20:08:35,-07:00,2026-05-01T20:08:35-07:00,2,6
projects/projects.js,67,js,88a6a534,Harshini,2026-05-01,20:08:35,-07:00,2026-05-01T20:08:35-07:00,3,13
projects/projects.js,68,js,88a6a534,Harshini,2026-05-01,20:08:35,-07:00,2026-05-01T20:08:35-07:00,3,38
projects/projects.js,69,js,88a6a534,Harshini,2026-05-01,20:08:35,-07:00,2026-05-01T20:08:35-07:00,3,75
projects/projects.js,70,js,88a6a534,Harshini,2026-05-01,20:08:35,-07:00,2026-05-01T20:08:35-07:00,3,20
projects/projects.js,71,js,88a6a534,Harshini,2026-05-01,20:08:35,-07:00,2026-05-01T20:08:35-07:00,4,57
projects/projects.js,72,js,88a6a534,Harshini,2026-05-01,20:08:35,-07:00,2026-05-01T20:08:35-07:00,4,17
projects/projects.js,73,js,88a6a534,Harshini,2026-05-01,20:08:35,-07:00,2026-05-01T20:08:35-07:00,3,2
projects/projects.js,74,js,88a6a534,Harshini,2026-05-01,20:08:35,-07:00,2026-05-01T20:08:35-07:00,3,71
projects/projects.js,75,js,88a6a534,Harshini,2026-05-01,20:08:35,-07:00,2026-05-01T20:08:35-07:00,1,3
projects/projects.js,76,js,80053a62,Harshini118,2026-04-24,16:10:10,-07:00,2026-04-24T16:10:10-07:00,0,1
projects/projects.js,77,js,88a6a534,Harshini,2026-05-01,20:08:35,-07:00,2026-05-01T20:08:35-07:00,0,0
projects/projects.js,78,js,88a6a534,Harshini,2026-05-01,20:08:35,-07:00,2026-05-01T20:08:35-07:00,0,27
projects/projects.js,79,js,88a6a534,Harshini,2026-05-01,20:08:35,-07:00,2026-05-01T20:08:35-07:00,1,59
projects/projects.js,80,js,88a6a534,Harshini,2026-05-01,20:08:35,-07:00,2026-05-01T20:08:35-07:00,1,92
projects/projects.js,81,js,88a6a534,Harshini,2026-05-01,20:08:35,-07:00,2026-05-01T20:08:35-07:00,0,0
projects/projects.js,82,js,88a6a534,Harshini,2026-05-01,20:08:35,-07:00,2026-05-01T20:08:35-07:00,1,62
projects/projects.js,83,js,88a6a534,Harshini,2026-05-01,20:08:35,-07:00,2026-05-01T20:08:35-07:00,2,20
projects/projects.js,84,js,88a6a534,Harshini,2026-05-01,20:08:35,-07:00,2026-05-01T20:08:35-07:00,1,1
projects/projects.js,85,js,88a6a534,Harshini,2026-05-01,20:08:35,-07:00,2026-05-01T20:08:35-07:00,0,0
projects/projects.js,86,js,88a6a534,Harshini,2026-05-01,20:08:35,-07:00,2026-05-01T20:08:35-07:00,1,67
projects/projects.js,87,js,88a6a534,Harshini,2026-05-01,20:08:35,-07:00,2026-05-01T20:08:35-07:00,0,0
projects/projects.js,88,js,88a6a534,Harshini,2026-05-01,20:08:35,-07:00,2026-05-01T20:08:35-07:00,1,57
projects/projects.js,89,js,88a6a534,Harshini,2026-05-01,20:08:35,-07:00,2026-05-01T20:08:35-07:00,1,39
projects/projects.js,90,js,88a6a534,Harshini,2026-05-01,20:08:35,-07:00,2026-05-01T20:08:35-07:00,0,0
projects/projects.js,91,js,88a6a534,Harshini,2026-05-01,20:08:35,-07:00,2026-05-01T20:08:35-07:00,1,12
projects/projects.js,92,js,88a6a534,Harshini,2026-05-01,20:08:35,-07:00,2026-05-01T20:08:35-07:00,2,57
projects/projects.js,93,js,88a6a534,Harshini,2026-05-01,20:08:35,-07:00,2026-05-01T20:08:35-07:00,1,1
projects/projects.js,94,js,88a6a534,Harshini,2026-05-01,20:08:35,-07:00,2026-05-01T20:08:35-07:00,0,1
projects/projects.js,95,js,88a6a534,Harshini,2026-05-01,20:08:35,-07:00,2026-05-01T20:08:35-07:00,0,0
projects/projects.js,96,js,88a6a534,Harshini,2026-05-01,20:08:35,-07:00,2026-05-01T20:08:35-07:00,0,50
projects/projects.js,97,js,88a6a534,Harshini,2026-05-01,20:08:35,-07:00,2026-05-01T20:08:35-07:00,1,27
projects/projects.js,98,js,88a6a534,Harshini,2026-05-01,20:08:35,-07:00,2026-05-01T20:08:35-07:00,1,17
projects/projects.js,99,js,88a6a534,Harshini,2026-05-01,20:08:35,-07:00,2026-05-01T20:08:35-07:00,0,3
projects/projects.js,100,js,88a6a534,Harshini,2026-05-01,20:08:35,-07:00,2026-05-01T20:08:35-07:00,0,0
projects/projects.js,101,js,88a6a534,Harshini,2026-05-01,20:08:35,-07:00,2026-05-01T20:08:35-07:00,0,17
resume/index.html,1,html,f8ead29f,Harshini118,2026-04-18,20:17:00,-07:00,2026-04-18T20:17:00-07:00,0,15
resume/index.html,2,html,f8ead29f,Harshini118,2026-04-18,20:17:00,-07:00,2026-04-18T20:17:00-07:00,0,16
resume/index.html,3,html,f8ead29f,Harshini118,2026-04-18,20:17:00,-07:00,2026-04-18T20:17:00-07:00,0,6
resume/index.html,4,html,f8ead29f,Harshini118,2026-04-18,20:17:00,-07:00,2026-04-18T20:17:00-07:00,1,22
resume/index.html,5,html,f8ead29f,Harshini118,2026-04-18,20:17:00,-07:00,2026-04-18T20:17:00-07:00,1,70
resume/index.html,6,html,f8ead29f,Harshini118,2026-04-18,20:17:00,-07:00,2026-04-18T20:17:00-07:00,1,41
resume/index.html,7,html,e714c4e9,Harshini118,2026-04-03,18:11:56,-07:00,2026-04-03T18:11:56-07:00,0,0
resume/index.html,8,html,f8ead29f,Harshini118,2026-04-18,20:17:00,-07:00,2026-04-18T20:17:00-07:00,1,12
resume/index.html,9,html,f8ead29f,Harshini118,2026-04-18,20:17:00,-07:00,2026-04-18T20:17:00-07:00,1,43
resume/index.html,10,html,f8ead29f,Harshini118,2026-04-18,20:17:00,-07:00,2026-04-18T20:17:00-07:00,0,7
resume/index.html,11,html,f8ead29f,Harshini118,2026-04-18,20:17:00,-07:00,2026-04-18T20:17:00-07:00,0,0
resume/index.html,12,html,f8ead29f,Harshini118,2026-04-18,20:17:00,-07:00,2026-04-18T20:17:00-07:00,0,6
resume/index.html,13,html,f8ead29f,Harshini118,2026-04-18,20:17:00,-07:00,2026-04-18T20:17:00-07:00,0,0
resume/index.html,14,html,f8ead29f,Harshini118,2026-04-18,20:17:00,-07:00,2026-04-18T20:17:00-07:00,0,18
resume/index.html,15,html,f8ead29f,Harshini118,2026-04-18,20:17:00,-07:00,2026-04-18T20:17:00-07:00,0,8
resume/index.html,16,html,f8ead29f,Harshini118,2026-04-18,20:17:00,-07:00,2026-04-18T20:17:00-07:00,1,5
resume/index.html,17,html,f8ead29f,Harshini118,2026-04-18,20:17:00,-07:00,2026-04-18T20:17:00-07:00,2,4
resume/index.html,18,html,f8ead29f,Harshini118,2026-04-18,20:17:00,-07:00,2026-04-18T20:17:00-07:00,3,41
resume/index.html,19,html,f8ead29f,Harshini118,2026-04-18,20:17:00,-07:00,2026-04-18T20:17:00-07:00,3,54
resume/index.html,20,html,f8ead29f,Harshini118,2026-04-18,20:17:00,-07:00,2026-04-18T20:17:00-07:00,3,52
resume/index.html,21,html,f8ead29f,Harshini118,2026-04-18,20:17:00,-07:00,2026-04-18T20:17:00-07:00,3,50
resume/index.html,22,html,ca118595,Harshini,2026-05-08,23:08:51,-07:00,2026-05-08T23:08:51-07:00,3,46
resume/index.html,23,html,f8ead29f,Harshini118,2026-04-18,20:17:00,-07:00,2026-04-18T20:17:00-07:00,3,76
resume/index.html,24,html,f8ead29f,Harshini118,2026-04-18,20:17:00,-07:00,2026-04-18T20:17:00-07:00,2,5
resume/index.html,25,html,f8ead29f,Harshini118,2026-04-18,20:17:00,-07:00,2026-04-18T20:17:00-07:00,1,6
resume/index.html,26,html,f8ead29f,Harshini118,2026-04-18,20:17:00,-07:00,2026-04-18T20:17:00-07:00,0,9
resume/index.html,27,html,f8ead29f,Harshini118,2026-04-18,20:17:00,-07:00,2026-04-18T20:17:00-07:00,0,0
resume/index.html,28,html,f8ead29f,Harshini118,2026-04-18,20:17:00,-07:00,2026-04-18T20:17:00-07:00,0,21
resume/index.html,29,html,f8ead29f,Harshini118,2026-04-18,20:17:00,-07:00,2026-04-18T20:17:00-07:00,0,0
resume/index.html,30,html,f8ead29f,Harshini118,2026-04-18,20:17:00,-07:00,2026-04-18T20:17:00-07:00,0,15
resume/index.html,31,html,f8ead29f,Harshini118,2026-04-18,20:17:00,-07:00,2026-04-18T20:17:00-07:00,0,35
resume/index.html,32,html,f8ead29f,Harshini118,2026-04-18,20:17:00,-07:00,2026-04-18T20:17:00-07:00,1,26
resume/index.html,33,html,f8ead29f,Harshini118,2026-04-18,20:17:00,-07:00,2026-04-18T20:17:00-07:00,1,59
resume/index.html,34,html,f8ead29f,Harshini118,2026-04-18,20:17:00,-07:00,2026-04-18T20:17:00-07:00,1,3
resume/index.html,35,html,f8ead29f,Harshini118,2026-04-18,20:17:00,-07:00,2026-04-18T20:17:00-07:00,2,78
resume/index.html,36,html,f8ead29f,Harshini118,2026-04-18,20:17:00,-07:00,2026-04-18T20:17:00-07:00,2,67
resume/index.html,37,html,f8ead29f,Harshini118,2026-04-18,20:17:00,-07:00,2026-04-18T20:17:00-07:00,1,4
resume/index.html,38,html,f8ead29f,Harshini118,2026-04-18,20:17:00,-07:00,2026-04-18T20:17:00-07:00,0,10
resume/index.html,39,html,f8ead29f,Harshini118,2026-04-18,20:17:00,-07:00,2026-04-18T20:17:00-07:00,0,0
resume/index.html,40,html,f8ead29f,Harshini118,2026-04-18,20:17:00,-07:00,2026-04-18T20:17:00-07:00,0,18
resume/index.html,41,html,bb416ab6,Harshini118,2026-04-18,19:41:34,-07:00,2026-04-18T19:41:34-07:00,0,32
resume/index.html,42,html,bb416ab6,Harshini118,2026-04-18,19:41:34,-07:00,2026-04-18T19:41:34-07:00,1,18
resume/index.html,43,html,84496a05,Harshini118,2026-04-18,20:02:07,-07:00,2026-04-18T20:02:07-07:00,0,0
resume/index.html,44,html,bb416ab6,Harshini118,2026-04-18,19:41:34,-07:00,2026-04-18T19:41:34-07:00,1,25
resume/index.html,45,html,bb416ab6,Harshini118,2026-04-18,19:41:34,-07:00,2026-04-18T19:41:34-07:00,2,27
resume/index.html,46,html,bb416ab6,Harshini118,2026-04-18,19:41:34,-07:00,2026-04-18T19:41:34-07:00,3,44
resume/index.html,47,html,84496a05,Harshini118,2026-04-18,20:02:07,-07:00,2026-04-18T20:02:07-07:00,3,44
resume/index.html,48,html,bb416ab6,Harshini118,2026-04-18,19:41:34,-07:00,2026-04-18T19:41:34-07:00,2,6
resume/index.html,49,html,84496a05,Harshini118,2026-04-18,20:02:07,-07:00,2026-04-18T20:02:07-07:00,2,63
resume/index.html,50,html,bb416ab6,Harshini118,2026-04-18,19:41:34,-07:00,2026-04-18T19:41:34-07:00,1,6
resume/index.html,51,html,d6972d4d,Harshini118,2026-04-11,23:44:01,-07:00,2026-04-11T23:44:01-07:00,0,10
resume/index.html,52,html,e714c4e9,Harshini118,2026-04-03,18:11:56,-07:00,2026-04-03T18:11:56-07:00,0,0
resume/index.html,53,html,f8ead29f,Harshini118,2026-04-18,20:17:00,-07:00,2026-04-18T20:17:00-07:00,0,19
resume/index.html,54,html,bb416ab6,Harshini118,2026-04-18,19:41:34,-07:00,2026-04-18T19:41:34-07:00,0,32
resume/index.html,55,html,bb416ab6,Harshini118,2026-04-18,19:41:34,-07:00,2026-04-18T19:41:34-07:00,1,19
resume/index.html,56,html,bc0fef96,Harshini118,2026-04-17,23:46:26,-07:00,2026-04-17T23:46:26-07:00,0,0
resume/index.html,57,html,bb416ab6,Harshini118,2026-04-18,19:41:34,-07:00,2026-04-18T19:41:34-07:00,1,25
resume/index.html,58,html,bb416ab6,Harshini118,2026-04-18,19:41:34,-07:00,2026-04-18T19:41:34-07:00,2,27
resume/index.html,59,html,bb416ab6,Harshini118,2026-04-18,19:41:34,-07:00,2026-04-18T19:41:34-07:00,3,38
resume/index.html,60,html,84496a05,Harshini118,2026-04-18,20:02:07,-07:00,2026-04-18T20:02:07-07:00,3,54
resume/index.html,61,html,bb416ab6,Harshini118,2026-04-18,19:41:34,-07:00,2026-04-18T19:41:34-07:00,2,6
resume/index.html,62,html,bc0fef96,Harshini118,2026-04-17,23:46:26,-07:00,2026-04-17T23:46:26-07:00,2,4
resume/index.html,63,html,84496a05,Harshini118,2026-04-18,20:02:07,-07:00,2026-04-18T20:02:07-07:00,3,96
resume/index.html,64,html,84496a05,Harshini118,2026-04-18,20:02:07,-07:00,2026-04-18T20:02:07-07:00,3,92
resume/index.html,65,html,84496a05,Harshini118,2026-04-18,20:02:07,-07:00,2026-04-18T20:02:07-07:00,3,87
resume/index.html,66,html,bc0fef96,Harshini118,2026-04-17,23:46:26,-07:00,2026-04-17T23:46:26-07:00,2,5
resume/index.html,67,html,bb416ab6,Harshini118,2026-04-18,19:41:34,-07:00,2026-04-18T19:41:34-07:00,1,6
resume/index.html,68,html,bc0fef96,Harshini118,2026-04-17,23:46:26,-07:00,2026-04-17T23:46:26-07:00,0,0
resume/index.html,69,html,bb416ab6,Harshini118,2026-04-18,19:41:34,-07:00,2026-04-18T19:41:34-07:00,1,25
resume/index.html,70,html,bb416ab6,Harshini118,2026-04-18,19:41:34,-07:00,2026-04-18T19:41:34-07:00,2,27
resume/index.html,71,html,bb416ab6,Harshini118,2026-04-18,19:41:34,-07:00,2026-04-18T19:41:34-07:00,3,41
resume/index.html,72,html,84496a05,Harshini118,2026-04-18,20:02:07,-07:00,2026-04-18T20:02:07-07:00,3,47
resume/index.html,73,html,bb416ab6,Harshini118,2026-04-18,19:41:34,-07:00,2026-04-18T19:41:34-07:00,2,6
resume/index.html,74,html,bc0fef96,Harshini118,2026-04-17,23:46:26,-07:00,2026-04-17T23:46:26-07:00,2,4
resume/index.html,75,html,84496a05,Harshini118,2026-04-18,20:02:07,-07:00,2026-04-18T20:02:07-07:00,3,104
resume/index.html,76,html,84496a05,Harshini118,2026-04-18,20:02:07,-07:00,2026-04-18T20:02:07-07:00,3,103
resume/index.html,77,html,bc0fef96,Harshini118,2026-04-17,23:46:26,-07:00,2026-04-17T23:46:26-07:00,2,5
resume/index.html,78,html,bb416ab6,Harshini118,2026-04-18,19:41:34,-07:00,2026-04-18T19:41:34-07:00,1,6
resume/index.html,79,html,d6972d4d,Harshini118,2026-04-11,23:44:01,-07:00,2026-04-11T23:44:01-07:00,0,10
resume/index.html,80,html,e714c4e9,Harshini118,2026-04-03,18:11:56,-07:00,2026-04-03T18:11:56-07:00,0,0
resume/index.html,81,html,f8ead29f,Harshini118,2026-04-18,20:17:00,-07:00,2026-04-18T20:17:00-07:00,0,17
resume/index.html,82,html,bb416ab6,Harshini118,2026-04-18,19:41:34,-07:00,2026-04-18T19:41:34-07:00,0,32
resume/index.html,83,html,bb416ab6,Harshini118,2026-04-18,19:41:34,-07:00,2026-04-18T19:41:34-07:00,1,17
resume/index.html,84,html,e714c4e9,Harshini118,2026-04-03,18:11:56,-07:00,2026-04-03T18:11:56-07:00,0,0
resume/index.html,85,html,bb416ab6,Harshini118,2026-04-18,19:41:34,-07:00,2026-04-18T19:41:34-07:00,1,25
resume/index.html,86,html,84496a05,Harshini118,2026-04-18,20:02:07,-07:00,2026-04-18T20:02:07-07:00,2,27
resume/index.html,87,html,84496a05,Harshini118,2026-04-18,20:02:07,-07:00,2026-04-18T20:02:07-07:00,3,47
resume/index.html,88,html,84496a05,Harshini118,2026-04-18,20:02:07,-07:00,2026-04-18T20:02:07-07:00,2,6
resume/index.html,89,html,d6972d4d,Harshini118,2026-04-11,23:44:01,-07:00,2026-04-11T23:44:01-07:00,2,4
resume/index.html,90,html,84496a05,Harshini118,2026-04-18,20:02:07,-07:00,2026-04-18T20:02:07-07:00,3,102
resume/index.html,91,html,84496a05,Harshini118,2026-04-18,20:02:07,-07:00,2026-04-18T20:02:07-07:00,3,93
resume/index.html,92,html,d6972d4d,Harshini118,2026-04-11,23:44:01,-07:00,2026-04-11T23:44:01-07:00,2,5
resume/index.html,93,html,bb416ab6,Harshini118,2026-04-18,19:41:34,-07:00,2026-04-18T19:41:34-07:00,1,6
resume/index.html,94,html,bc0fef96,Harshini118,2026-04-17,23:46:26,-07:00,2026-04-17T23:46:26-07:00,0,0
resume/index.html,95,html,bb416ab6,Harshini118,2026-04-18,19:41:34,-07:00,2026-04-18T19:41:34-07:00,1,25
resume/index.html,96,html,84496a05,Harshini118,2026-04-18,20:02:07,-07:00,2026-04-18T20:02:07-07:00,2,27
resume/index.html,97,html,84496a05,Harshini118,2026-04-18,20:02:07,-07:00,2026-04-18T20:02:07-07:00,3,35
resume/index.html,98,html,84496a05,Harshini118,2026-04-18,20:02:07,-07:00,2026-04-18T20:02:07-07:00,2,6
resume/index.html,99,html,bc0fef96,Harshini118,2026-04-17,23:46:26,-07:00,2026-04-17T23:46:26-07:00,2,4
resume/index.html,100,html,84496a05,Harshini118,2026-04-18,20:02:07,-07:00,2026-04-18T20:02:07-07:00,3,89
resume/index.html,101,html,84496a05,Harshini118,2026-04-18,20:02:07,-07:00,2026-04-18T20:02:07-07:00,3,77
resume/index.html,102,html,bc0fef96,Harshini118,2026-04-17,23:46:26,-07:00,2026-04-17T23:46:26-07:00,2,5
resume/index.html,103,html,bb416ab6,Harshini118,2026-04-18,19:41:34,-07:00,2026-04-18T19:41:34-07:00,1,6
resume/index.html,104,html,bc0fef96,Harshini118,2026-04-17,23:46:26,-07:00,2026-04-17T23:46:26-07:00,0,10
resume/index.html,105,html,bc0fef96,Harshini118,2026-04-17,23:46:26,-07:00,2026-04-17T23:46:26-07:00,0,0
resume/index.html,106,html,f8ead29f,Harshini118,2026-04-18,20:17:00,-07:00,2026-04-18T20:17:00-07:00,0,15
resume/index.html,107,html,bb416ab6,Harshini118,2026-04-18,19:41:34,-07:00,2026-04-18T19:41:34-07:00,0,32
resume/index.html,108,html,bb416ab6,Harshini118,2026-04-18,19:41:34,-07:00,2026-04-18T19:41:34-07:00,1,15
resume/index.html,109,html,84496a05,Harshini118,2026-04-18,20:02:07,-07:00,2026-04-18T20:02:07-07:00,0,0
resume/index.html,110,html,84496a05,Harshini118,2026-04-18,20:02:07,-07:00,2026-04-18T20:02:07-07:00,1,24
resume/index.html,111,html,84496a05,Harshini118,2026-04-18,20:02:07,-07:00,2026-04-18T20:02:07-07:00,2,60
resume/index.html,112,html,84496a05,Harshini118,2026-04-18,20:02:07,-07:00,2026-04-18T20:02:07-07:00,2,73
resume/index.html,113,html,84496a05,Harshini118,2026-04-18,20:02:07,-07:00,2026-04-18T20:02:07-07:00,2,54
resume/index.html,114,html,84496a05,Harshini118,2026-04-18,20:02:07,-07:00,2026-04-18T20:02:07-07:00,1,5
resume/index.html,115,html,d6972d4d,Harshini118,2026-04-11,23:44:01,-07:00,2026-04-11T23:44:01-07:00,0,10
resume/index.html,116,html,e714c4e9,Harshini118,2026-04-03,18:11:56,-07:00,2026-04-03T18:11:56-07:00,0,0
resume/index.html,117,html,f8ead29f,Harshini118,2026-04-18,20:17:00,-07:00,2026-04-18T20:17:00-07:00,0,7
resume/index.html,118,html,f8ead29f,Harshini118,2026-04-18,20:17:00,-07:00,2026-04-18T20:17:00-07:00,0,0
resume/index.html,119,html,f8ead29f,Harshini118,2026-04-18,20:17:00,-07:00,2026-04-18T20:17:00-07:00,0,30
resume/index.html,120,html,f8ead29f,Harshini118,2026-04-18,20:17:00,-07:00,2026-04-18T20:17:00-07:00,0,50
resume/index.html,121,html,f8ead29f,Harshini118,2026-04-18,20:17:00,-07:00,2026-04-18T20:17:00-07:00,0,0
resume/index.html,122,html,f8ead29f,Harshini118,2026-04-18,20:17:00,-07:00,2026-04-18T20:17:00-07:00,0,7
resume/index.html,123,html,ca118595,Harshini,2026-05-08,23:08:51,-07:00,2026-05-08T23:08:51-07:00,0,7
style.css,1,css,4cae8292,Harshini118,2026-04-11,19:25:58,-07:00,2026-04-11T19:25:58-07:00,0,28
style.css,2,css,55276b66,Harshini118,2026-04-17,23:41:38,-07:00,2026-04-17T23:41:38-07:00,1,11
style.css,3,css,4cae8292,Harshini118,2026-04-11,19:25:58,-07:00,2026-04-11T19:25:58-07:00,0,28
style.css,4,css,2c770790,Harshini118,2026-04-17,23:33:33,-07:00,2026-04-17T23:33:33-07:00,0,6
style.css,5,css,5f822c69,Harshini118,2026-04-17,23:38:56,-07:00,2026-04-17T23:38:56-07:00,1,25
style.css,6,css,5f822c69,Harshini118,2026-04-17,23:38:56,-07:00,2026-04-17T23:38:56-07:00,1,17
style.css,7,css,5f822c69,Harshini118,2026-04-17,23:38:56,-07:00,2026-04-17T23:38:56-07:00,1,20
style.css,8,css,5f822c69,Harshini118,2026-04-17,23:38:56,-07:00,2026-04-17T23:38:56-07:00,1,13
style.css,9,css,e714c4e9,Harshini118,2026-04-03,18:11:56,-07:00,2026-04-03T18:11:56-07:00,0,1
style.css,10,css,4cae8292,Harshini118,2026-04-11,19:25:58,-07:00,2026-04-11T19:25:58-07:00,0,0
style.css,11,css,5f822c69,Harshini118,2026-04-17,23:38:56,-07:00,2026-04-17T23:38:56-07:00,0,3
style.css,12,css,5f822c69,Harshini118,2026-04-17,23:38:56,-07:00,2026-04-17T23:38:56-07:00,1,23
style.css,13,css,5f822c69,Harshini118,2026-04-17,23:38:56,-07:00,2026-04-17T23:38:56-07:00,0,1
style.css,14,css,5f822c69,Harshini118,2026-04-17,23:38:56,-07:00,2026-04-17T23:38:56-07:00,0,0
style.css,15,css,5f822c69,Harshini118,2026-04-17,23:38:56,-07:00,2026-04-17T23:38:56-07:00,0,28
style.css,16,css,55276b66,Harshini118,2026-04-17,23:41:38,-07:00,2026-04-17T23:41:38-07:00,1,11
style.css,17,css,5f822c69,Harshini118,2026-04-17,23:38:56,-07:00,2026-04-17T23:38:56-07:00,0,28
style.css,18,css,55276b66,Harshini118,2026-04-17,23:41:38,-07:00,2026-04-17T23:41:38-07:00,0,8
style.css,19,css,b7b6d197,Harshini118,2026-04-18,19:54:56,-07:00,2026-04-18T19:54:56-07:00,1,14
style.css,20,css,b7b6d197,Harshini118,2026-04-18,19:54:56,-07:00,2026-04-18T19:54:56-07:00,1,24
style.css,21,css,b7b6d197,Harshini118,2026-04-18,19:54:56,-07:00,2026-04-18T19:54:56-07:00,1,9
style.css,22,css,55276b66,Harshini118,2026-04-17,23:41:38,-07:00,2026-04-17T23:41:38-07:00,1,17
style.css,23,css,55276b66,Harshini118,2026-04-17,23:41:38,-07:00,2026-04-17T23:41:38-07:00,1,11
style.css,24,css,5f822c69,Harshini118,2026-04-17,23:38:56,-07:00,2026-04-17T23:38:56-07:00,0,1
style.css,25,css,5f822c69,Harshini118,2026-04-17,23:38:56,-07:00,2026-04-17T23:38:56-07:00,0,0
style.css,26,css,55276b66,Harshini118,2026-04-17,23:41:38,-07:00,2026-04-17T23:41:38-07:00,0,8
style.css,27,css,5f822c69,Harshini118,2026-04-17,23:38:56,-07:00,2026-04-17T23:38:56-07:00,1,8
style.css,28,css,55276b66,Harshini118,2026-04-17,23:41:38,-07:00,2026-04-17T23:41:38-07:00,0,1
style.css,29,css,55276b66,Harshini118,2026-04-17,23:41:38,-07:00,2026-04-17T23:41:38-07:00,0,0
style.css,30,css,55276b66,Harshini118,2026-04-17,23:41:38,-07:00,2026-04-17T23:41:38-07:00,0,5
style.css,31,css,55276b66,Harshini118,2026-04-17,23:41:38,-07:00,2026-04-17T23:41:38-07:00,1,41
style.css,32,css,55276b66,Harshini118,2026-04-17,23:41:38,-07:00,2026-04-17T23:41:38-07:00,1,45
style.css,33,css,55276b66,Harshini118,2026-04-17,23:41:38,-07:00,2026-04-17T23:41:38-07:00,1,21
style.css,34,css,55276b66,Harshini118,2026-04-17,23:41:38,-07:00,2026-04-17T23:41:38-07:00,0,1
style.css,35,css,55276b66,Harshini118,2026-04-17,23:41:38,-07:00,2026-04-17T23:41:38-07:00,0,0
style.css,36,css,55276b66,Harshini118,2026-04-17,23:41:38,-07:00,2026-04-17T23:41:38-07:00,0,7
style.css,37,css,55276b66,Harshini118,2026-04-17,23:41:38,-07:00,2026-04-17T23:41:38-07:00,1,15
style.css,38,css,5f822c69,Harshini118,2026-04-17,23:38:56,-07:00,2026-04-17T23:38:56-07:00,1,19
style.css,39,css,55276b66,Harshini118,2026-04-17,23:41:38,-07:00,2026-04-17T23:41:38-07:00,1,15
style.css,40,css,5f822c69,Harshini118,2026-04-17,23:38:56,-07:00,2026-04-17T23:38:56-07:00,1,22
style.css,41,css,5f822c69,Harshini118,2026-04-17,23:38:56,-07:00,2026-04-17T23:38:56-07:00,1,15
style.css,42,css,5f822c69,Harshini118,2026-04-17,23:38:56,-07:00,2026-04-17T23:38:56-07:00,0,1
style.css,43,css,5f822c69,Harshini118,2026-04-17,23:38:56,-07:00,2026-04-17T23:38:56-07:00,0,0
style.css,44,css,5f822c69,Harshini118,2026-04-17,23:38:56,-07:00,2026-04-17T23:38:56-07:00,0,7
style.css,45,css,5f822c69,Harshini118,2026-04-17,23:38:56,-07:00,2026-04-17T23:38:56-07:00,1,33
style.css,46,css,88a6a534,Harshini,2026-05-01,20:08:35,-07:00,2026-05-01T20:08:35-07:00,1,41
style.css,47,css,5f822c69,Harshini118,2026-04-17,23:38:56,-07:00,2026-04-17T23:38:56-07:00,0,1
style.css,48,css,5f822c69,Harshini118,2026-04-17,23:38:56,-07:00,2026-04-17T23:38:56-07:00,0,0
style.css,49,css,55276b66,Harshini118,2026-04-17,23:41:38,-07:00,2026-04-17T23:41:38-07:00,0,15
style.css,50,css,55276b66,Harshini118,2026-04-17,23:41:38,-07:00,2026-04-17T23:41:38-07:00,1,32
style.css,51,css,5f822c69,Harshini118,2026-04-17,23:38:56,-07:00,2026-04-17T23:38:56-07:00,0,1
style.css,52,css,5f822c69,Harshini118,2026-04-17,23:38:56,-07:00,2026-04-17T23:38:56-07:00,0,0
style.css,53,css,55276b66,Harshini118,2026-04-17,23:41:38,-07:00,2026-04-17T23:41:38-07:00,0,13
style.css,54,css,55276b66,Harshini118,2026-04-17,23:41:38,-07:00,2026-04-17T23:41:38-07:00,1,47
style.css,55,css,5f822c69,Harshini118,2026-04-17,23:38:56,-07:00,2026-04-17T23:38:56-07:00,0,1
style.css,56,css,5f822c69,Harshini118,2026-04-17,23:38:56,-07:00,2026-04-17T23:38:56-07:00,0,0
style.css,57,css,f8ead29f,Harshini118,2026-04-18,20:17:00,-07:00,2026-04-18T20:17:00-07:00,0,0
style.css,58,css,f8ead29f,Harshini118,2026-04-18,20:17:00,-07:00,2026-04-18T20:17:00-07:00,0,0
style.css,59,css,f8ead29f,Harshini118,2026-04-18,20:17:00,-07:00,2026-04-18T20:17:00-07:00,0,0
style.css,60,css,5f822c69,Harshini118,2026-04-17,23:38:56,-07:00,2026-04-17T23:38:56-07:00,0,28
style.css,61,css,55276b66,Harshini118,2026-04-17,23:41:38,-07:00,2026-04-17T23:41:38-07:00,1,4
style.css,62,css,5f822c69,Harshini118,2026-04-17,23:38:56,-07:00,2026-04-17T23:38:56-07:00,0,28
style.css,63,css,5f822c69,Harshini118,2026-04-17,23:38:56,-07:00,2026-04-17T23:38:56-07:00,0,6
style.css,64,css,5f822c69,Harshini118,2026-04-17,23:38:56,-07:00,2026-04-17T23:38:56-07:00,0,9
style.css,65,css,55276b66,Harshini118,2026-04-17,23:41:38,-07:00,2026-04-17T23:41:38-07:00,0,7
style.css,66,css,55276b66,Harshini118,2026-04-17,23:41:38,-07:00,2026-04-17T23:41:38-07:00,0,8
style.css,67,css,5f822c69,Harshini118,2026-04-17,23:38:56,-07:00,2026-04-17T23:38:56-07:00,1,14
style.css,68,css,5f822c69,Harshini118,2026-04-17,23:38:56,-07:00,2026-04-17T23:38:56-07:00,0,1
style.css,69,css,5f822c69,Harshini118,2026-04-17,23:38:56,-07:00,2026-04-17T23:38:56-07:00,0,0
style.css,70,css,5f822c69,Harshini118,2026-04-17,23:38:56,-07:00,2026-04-17T23:38:56-07:00,0,6
style.css,71,css,5f822c69,Harshini118,2026-04-17,23:38:56,-07:00,2026-04-17T23:38:56-07:00,1,14
style.css,72,css,5f822c69,Harshini118,2026-04-17,23:38:56,-07:00,2026-04-17T23:38:56-07:00,1,32
style.css,73,css,5f822c69,Harshini118,2026-04-17,23:38:56,-07:00,2026-04-17T23:38:56-07:00,1,9
style.css,74,css,5f822c69,Harshini118,2026-04-17,23:38:56,-07:00,2026-04-17T23:38:56-07:00,0,1
style.css,75,css,5f822c69,Harshini118,2026-04-17,23:38:56,-07:00,2026-04-17T23:38:56-07:00,0,0
style.css,76,css,5f822c69,Harshini118,2026-04-17,23:38:56,-07:00,2026-04-17T23:38:56-07:00,0,7
style.css,77,css,5f822c69,Harshini118,2026-04-17,23:38:56,-07:00,2026-04-17T23:38:56-07:00,1,14
style.css,78,css,5f822c69,Harshini118,2026-04-17,23:38:56,-07:00,2026-04-17T23:38:56-07:00,1,31
style.css,79,css,5f822c69,Harshini118,2026-04-17,23:38:56,-07:00,2026-04-17T23:38:56-07:00,1,20
style.css,80,css,5f822c69,Harshini118,2026-04-17,23:38:56,-07:00,2026-04-17T23:38:56-07:00,0,1
style.css,81,css,5f822c69,Harshini118,2026-04-17,23:38:56,-07:00,2026-04-17T23:38:56-07:00,0,0
style.css,82,css,5f822c69,Harshini118,2026-04-17,23:38:56,-07:00,2026-04-17T23:38:56-07:00,0,8
style.css,83,css,5f822c69,Harshini118,2026-04-17,23:38:56,-07:00,2026-04-17T23:38:56-07:00,1,20
style.css,84,css,5f822c69,Harshini118,2026-04-17,23:38:56,-07:00,2026-04-17T23:38:56-07:00,0,1
style.css,85,css,5f822c69,Harshini118,2026-04-17,23:38:56,-07:00,2026-04-17T23:38:56-07:00,0,0
style.css,86,css,5f822c69,Harshini118,2026-04-17,23:38:56,-07:00,2026-04-17T23:38:56-07:00,0,28
style.css,87,css,55276b66,Harshini118,2026-04-17,23:41:38,-07:00,2026-04-17T23:41:38-07:00,1,12
style.css,88,css,5f822c69,Harshini118,2026-04-17,23:38:56,-07:00,2026-04-17T23:38:56-07:00,0,28
style.css,89,css,5f822c69,Harshini118,2026-04-17,23:38:56,-07:00,2026-04-17T23:38:56-07:00,0,11
style.css,90,css,5f822c69,Harshini118,2026-04-17,23:38:56,-07:00,2026-04-17T23:38:56-07:00,1,14
style.css,91,css,5f822c69,Harshini118,2026-04-17,23:38:56,-07:00,2026-04-17T23:38:56-07:00,1,60
style.css,92,css,5f822c69,Harshini118,2026-04-17,23:38:56,-07:00,2026-04-17T23:38:56-07:00,1,9
style.css,93,css,5f822c69,Harshini118,2026-04-17,23:38:56,-07:00,2026-04-17T23:38:56-07:00,0,1
style.css,94,css,5f822c69,Harshini118,2026-04-17,23:38:56,-07:00,2026-04-17T23:38:56-07:00,0,0
style.css,95,css,5f822c69,Harshini118,2026-04-17,23:38:56,-07:00,2026-04-17T23:38:56-07:00,0,19
style.css,96,css,b7b6d197,Harshini118,2026-04-18,19:54:56,-07:00,2026-04-18T19:54:56-07:00,1,18
style.css,97,css,b7b6d197,Harshini118,2026-04-18,19:54:56,-07:00,2026-04-18T19:54:56-07:00,1,15
style.css,98,css,b7b6d197,Harshini118,2026-04-18,19:54:56,-07:00,2026-04-18T19:54:56-07:00,1,20
style.css,99,css,b7b6d197,Harshini118,2026-04-18,19:54:56,-07:00,2026-04-18T19:54:56-07:00,1,40
style.css,100,css,b7b6d197,Harshini118,2026-04-18,19:54:56,-07:00,2026-04-18T19:54:56-07:00,1,17
style.css,101,css,b7b6d197,Harshini118,2026-04-18,19:54:56,-07:00,2026-04-18T19:54:56-07:00,0,1
style.css,102,css,b7b6d197,Harshini118,2026-04-18,19:54:56,-07:00,2026-04-18T19:54:56-07:00,0,0
style.css,103,css,b7b6d197,Harshini118,2026-04-18,19:54:56,-07:00,2026-04-18T19:54:56-07:00,0,25
style.css,104,css,b7b6d197,Harshini118,2026-04-18,19:54:56,-07:00,2026-04-18T19:54:56-07:00,1,28
style.css,105,css,5f822c69,Harshini118,2026-04-17,23:38:56,-07:00,2026-04-17T23:38:56-07:00,0,1
style.css,106,css,5f822c69,Harshini118,2026-04-17,23:38:56,-07:00,2026-04-17T23:38:56-07:00,0,0
style.css,107,css,88a6a534,Harshini,2026-05-01,20:08:35,-07:00,2026-05-01T20:08:35-07:00,0,23
style.css,108,css,88a6a534,Harshini,2026-05-01,20:08:35,-07:00,2026-05-01T20:08:35-07:00,1,16
style.css,109,css,88a6a534,Harshini,2026-05-01,20:08:35,-07:00,2026-05-01T20:08:35-07:00,0,1
style.css,110,css,88a6a534,Harshini,2026-05-01,20:08:35,-07:00,2026-05-01T20:08:35-07:00,0,0
style.css,111,css,db4e1b54,Harshini,2026-05-10,18:00:57,-07:00,2026-05-10T18:00:57-07:00,0,16
style.css,112,css,db4e1b54,Harshini,2026-05-10,18:00:57,-07:00,2026-05-10T18:00:57-07:00,1,14
style.css,113,css,db4e1b54,Harshini,2026-05-10,18:00:57,-07:00,2026-05-10T18:00:57-07:00,1,16
style.css,114,css,db4e1b54,Harshini,2026-05-10,18:00:57,-07:00,2026-05-10T18:00:57-07:00,1,12
style.css,115,css,db4e1b54,Harshini,2026-05-10,18:00:57,-07:00,2026-05-10T18:00:57-07:00,0,1
style.css,116,css,db4e1b54,Harshini,2026-05-10,18:00:57,-07:00,2026-05-10T18:00:57-07:00,0,0
style.css,117,css,88a6a534,Harshini,2026-05-01,20:08:35,-07:00,2026-05-01T20:08:35-07:00,0,18
style.css,118,css,88a6a534,Harshini,2026-05-01,20:08:35,-07:00,2026-05-01T20:08:35-07:00,1,14
style.css,119,css,88a6a534,Harshini,2026-05-01,20:08:35,-07:00,2026-05-01T20:08:35-07:00,1,20
style.css,120,css,88a6a534,Harshini,2026-05-01,20:08:35,-07:00,2026-05-01T20:08:35-07:00,1,9
style.css,121,css,88a6a534,Harshini,2026-05-01,20:08:35,-07:00,2026-05-01T20:08:35-07:00,1,18
style.css,122,css,88a6a534,Harshini,2026-05-01,20:08:35,-07:00,2026-05-01T20:08:35-07:00,0,1
style.css,123,css,88a6a534,Harshini,2026-05-01,20:08:35,-07:00,2026-05-01T20:08:35-07:00,0,0
style.css,124,css,88a6a534,Harshini,2026-05-01,20:08:35,-07:00,2026-05-01T20:08:35-07:00,0,20
style.css,125,css,88a6a534,Harshini,2026-05-01,20:08:35,-07:00,2026-05-01T20:08:35-07:00,1,16
style.css,126,css,88a6a534,Harshini,2026-05-01,20:08:35,-07:00,2026-05-01T20:08:35-07:00,1,18
style.css,127,css,88a6a534,Harshini,2026-05-01,20:08:35,-07:00,2026-05-01T20:08:35-07:00,0,1
style.css,128,css,88a6a534,Harshini,2026-05-01,20:08:35,-07:00,2026-05-01T20:08:35-07:00,0,0
style.css,129,css,88a6a534,Harshini,2026-05-01,20:08:35,-07:00,2026-05-01T20:08:35-07:00,0,25
style.css,130,css,88a6a534,Harshini,2026-05-01,20:08:35,-07:00,2026-05-01T20:08:35-07:00,1,16
style.css,131,css,88a6a534,Harshini,2026-05-01,20:08:35,-07:00,2026-05-01T20:08:35-07:00,1,18
style.css,132,css,88a6a534,Harshini,2026-05-01,20:08:35,-07:00,2026-05-01T20:08:35-07:00,0,1
style.css,133,css,88a6a534,Harshini,2026-05-01,20:08:35,-07:00,2026-05-01T20:08:35-07:00,0,0
style.css,134,css,88a6a534,Harshini,2026-05-01,20:08:35,-07:00,2026-05-01T20:08:35-07:00,0,53
style.css,135,css,88a6a534,Harshini,2026-05-01,20:08:35,-07:00,2026-05-01T20:08:35-07:00,1,13
style.css,136,css,88a6a534,Harshini,2026-05-01,20:08:35,-07:00,2026-05-01T20:08:35-07:00,0,1
style.css,137,css,88a6a534,Harshini,2026-05-01,20:08:35,-07:00,2026-05-01T20:08:35-07:00,0,0
style.css,138,css,88a6a534,Harshini,2026-05-01,20:08:35,-07:00,2026-05-01T20:08:35-07:00,0,9
style.css,139,css,88a6a534,Harshini,2026-05-01,20:08:35,-07:00,2026-05-01T20:08:35-07:00,1,14
style.css,140,css,88a6a534,Harshini,2026-05-01,20:08:35,-07:00,2026-05-01T20:08:35-07:00,1,8
style.css,141,css,88a6a534,Harshini,2026-05-01,20:08:35,-07:00,2026-05-01T20:08:35-07:00,1,59
style.css,142,css,88a6a534,Harshini,2026-05-01,20:08:35,-07:00,2026-05-01T20:08:35-07:00,1,9
style.css,143,css,88a6a534,Harshini,2026-05-01,20:08:35,-07:00,2026-05-01T20:08:35-07:00,1,10
style.css,144,css,88a6a534,Harshini,2026-05-01,20:08:35,-07:00,2026-05-01T20:08:35-07:00,1,13
style.css,145,css,88a6a534,Harshini,2026-05-01,20:08:35,-07:00,2026-05-01T20:08:35-07:00,1,38
style.css,146,css,88a6a534,Harshini,2026-05-01,20:08:35,-07:00,2026-05-01T20:08:35-07:00,1,19
style.css,147,css,88a6a534,Harshini,2026-05-01,20:08:35,-07:00,2026-05-01T20:08:35-07:00,1,17
style.css,148,css,88a6a534,Harshini,2026-05-01,20:08:35,-07:00,2026-05-01T20:08:35-07:00,0,1
style.css,149,css,88a6a534,Harshini,2026-05-01,20:08:35,-07:00,2026-05-01T20:08:35-07:00,0,0
style.css,150,css,88a6a534,Harshini,2026-05-01,20:08:35,-07:00,2026-05-01T20:08:35-07:00,0,14
style.css,151,css,88a6a534,Harshini,2026-05-01,20:08:35,-07:00,2026-05-01T20:08:35-07:00,1,14
style.css,152,css,88a6a534,Harshini,2026-05-01,20:08:35,-07:00,2026-05-01T20:08:35-07:00,1,20
style.css,153,css,88a6a534,Harshini,2026-05-01,20:08:35,-07:00,2026-05-01T20:08:35-07:00,1,11
style.css,154,css,88a6a534,Harshini,2026-05-01,20:08:35,-07:00,2026-05-01T20:08:35-07:00,1,16
style.css,155,css,88a6a534,Harshini,2026-05-01,20:08:35,-07:00,2026-05-01T20:08:35-07:00,0,1
style.css,156,css,88a6a534,Harshini,2026-05-01,20:08:35,-07:00,2026-05-01T20:08:35-07:00,0,0
style.css,157,css,88a6a534,Harshini,2026-05-01,20:08:35,-07:00,2026-05-01T20:08:35-07:00,0,9
style.css,158,css,88a6a534,Harshini,2026-05-01,20:08:35,-07:00,2026-05-01T20:08:35-07:00,1,22
style.css,159,css,88a6a534,Harshini,2026-05-01,20:08:35,-07:00,2026-05-01T20:08:35-07:00,1,11
style.css,160,css,88a6a534,Harshini,2026-05-01,20:08:35,-07:00,2026-05-01T20:08:35-07:00,1,16
style.css,161,css,88a6a534,Harshini,2026-05-01,20:08:35,-07:00,2026-05-01T20:08:35-07:00,1,19
style.css,162,css,88a6a534,Harshini,2026-05-01,20:08:35,-07:00,2026-05-01T20:08:35-07:00,1,31
style.css,163,css,88a6a534,Harshini,2026-05-01,20:08:35,-07:00,2026-05-01T20:08:35-07:00,0,1
style.css,164,css,88a6a534,Harshini,2026-05-01,20:08:35,-07:00,2026-05-01T20:08:35-07:00,0,0
style.css,165,css,88a6a534,Harshini,2026-05-01,20:08:35,-07:00,2026-05-01T20:08:35-07:00,0,11
style.css,166,css,88a6a534,Harshini,2026-05-01,20:08:35,-07:00,2026-05-01T20:08:35-07:00,1,37
style.css,167,css,88a6a534,Harshini,2026-05-01,20:08:35,-07:00,2026-05-01T20:08:35-07:00,0,1
style.css,168,css,88a6a534,Harshini,2026-05-01,20:08:35,-07:00,2026-05-01T20:08:35-07:00,0,0
style.css,169,css,88a6a534,Harshini,2026-05-01,20:08:35,-07:00,2026-05-01T20:08:35-07:00,0,20
style.css,170,css,88a6a534,Harshini,2026-05-01,20:08:35,-07:00,2026-05-01T20:08:35-07:00,1,19
style.css,171,css,88a6a534,Harshini,2026-05-01,20:08:35,-07:00,2026-05-01T20:08:35-07:00,0,1
style.css,172,css,88a6a534,Harshini,2026-05-01,20:08:35,-07:00,2026-05-01T20:08:35-07:00,0,0
style.css,173,css,88a6a534,Harshini,2026-05-01,20:08:35,-07:00,2026-05-01T20:08:35-07:00,0,12
style.css,174,css,88a6a534,Harshini,2026-05-01,20:08:35,-07:00,2026-05-01T20:08:35-07:00,1,12
style.css,175,css,88a6a534,Harshini,2026-05-01,20:08:35,-07:00,2026-05-01T20:08:35-07:00,1,18
style.css,176,css,88a6a534,Harshini,2026-05-01,20:08:35,-07:00,2026-05-01T20:08:35-07:00,1,15
style.css,177,css,88a6a534,Harshini,2026-05-01,20:08:35,-07:00,2026-05-01T20:08:35-07:00,0,1
style.css,178,css,88a6a534,Harshini,2026-05-01,20:08:35,-07:00,2026-05-01T20:08:35-07:00,0,0
style.css,179,css,5f822c69,Harshini118,2026-04-17,23:38:56,-07:00,2026-04-17T23:38:56-07:00,0,28
style.css,180,css,f8ead29f,Harshini118,2026-04-18,20:17:00,-07:00,2026-04-18T20:17:00-07:00,1,25
style.css,181,css,5f822c69,Harshini118,2026-04-17,23:38:56,-07:00,2026-04-17T23:38:56-07:00,0,28
style.css,182,css,f8ead29f,Harshini118,2026-04-18,20:17:00,-07:00,2026-04-18T20:17:00-07:00,0,0
style.css,183,css,f8ead29f,Harshini118,2026-04-18,20:17:00,-07:00,2026-04-18T20:17:00-07:00,0,9
style.css,184,css,f8ead29f,Harshini118,2026-04-18,20:17:00,-07:00,2026-04-18T20:17:00-07:00,1,17
style.css,185,css,f8ead29f,Harshini118,2026-04-18,20:17:00,-07:00,2026-04-18T20:17:00-07:00,1,17
style.css,186,css,f8ead29f,Harshini118,2026-04-18,20:17:00,-07:00,2026-04-18T20:17:00-07:00,0,1
style.css,187,css,f8ead29f,Harshini118,2026-04-18,20:17:00,-07:00,2026-04-18T20:17:00-07:00,0,0
style.css,188,css,f8ead29f,Harshini118,2026-04-18,20:17:00,-07:00,2026-04-18T20:17:00-07:00,0,16
style.css,189,css,f8ead29f,Harshini118,2026-04-18,20:17:00,-07:00,2026-04-18T20:17:00-07:00,0,20
style.css,190,css,f8ead29f,Harshini118,2026-04-18,20:17:00,-07:00,2026-04-18T20:17:00-07:00,1,19
style.css,191,css,f8ead29f,Harshini118,2026-04-18,20:17:00,-07:00,2026-04-18T20:17:00-07:00,0,1
style.css,192,css,f8ead29f,Harshini118,2026-04-18,20:17:00,-07:00,2026-04-18T20:17:00-07:00,0,0
style.css,193,css,f8ead29f,Harshini118,2026-04-18,20:17:00,-07:00,2026-04-18T20:17:00-07:00,0,23
style.css,194,css,f8ead29f,Harshini118,2026-04-18,20:17:00,-07:00,2026-04-18T20:17:00-07:00,1,17
style.css,195,css,f8ead29f,Harshini118,2026-04-18,20:17:00,-07:00,2026-04-18T20:17:00-07:00,1,21
style.css,196,css,f8ead29f,Harshini118,2026-04-18,20:17:00,-07:00,2026-04-18T20:17:00-07:00,0,1
style.css,197,css,f8ead29f,Harshini118,2026-04-18,20:17:00,-07:00,2026-04-18T20:17:00-07:00,0,0
style.css,198,css,f8ead29f,Harshini118,2026-04-18,20:17:00,-07:00,2026-04-18T20:17:00-07:00,0,22
style.css,199,css,f8ead29f,Harshini118,2026-04-18,20:17:00,-07:00,2026-04-18T20:17:00-07:00,1,16
style.css,200,css,f8ead29f,Harshini118,2026-04-18,20:17:00,-07:00,2026-04-18T20:17:00-07:00,0,1
style.css,201,css,f8ead29f,Harshini118,2026-04-18,20:17:00,-07:00,2026-04-18T20:17:00-07:00,0,0
style.css,202,css,f8ead29f,Harshini118,2026-04-18,20:17:00,-07:00,2026-04-18T20:17:00-07:00,0,14
style.css,203,css,f8ead29f,Harshini118,2026-04-18,20:17:00,-07:00,2026-04-18T20:17:00-07:00,0,17
style.css,204,css,b7b6d197,Harshini118,2026-04-18,19:54:56,-07:00,2026-04-18T19:54:56-07:00,1,18
style.css,205,css,b7b6d197,Harshini118,2026-04-18,19:54:56,-07:00,2026-04-18T19:54:56-07:00,1,15
style.css,206,css,f8ead29f,Harshini118,2026-04-18,20:17:00,-07:00,2026-04-18T20:17:00-07:00,1,20
style.css,207,css,b7b6d197,Harshini118,2026-04-18,19:54:56,-07:00,2026-04-18T19:54:56-07:00,1,21
style.css,208,css,f8ead29f,Harshini118,2026-04-18,20:17:00,-07:00,2026-04-18T20:17:00-07:00,1,40
style.css,209,css,5f822c69,Harshini118,2026-04-17,23:38:56,-07:00,2026-04-17T23:38:56-07:00,0,1
style.css,210,css,5f822c69,Harshini118,2026-04-17,23:38:56,-07:00,2026-04-17T23:38:56-07:00,0,0
style.css,211,css,f8ead29f,Harshini118,2026-04-18,20:17:00,-07:00,2026-04-18T20:17:00-07:00,0,20
style.css,212,css,b7b6d197,Harshini118,2026-04-18,19:54:56,-07:00,2026-04-18T19:54:56-07:00,1,30
style.css,213,css,f8ead29f,Harshini118,2026-04-18,20:17:00,-07:00,2026-04-18T20:17:00-07:00,1,22
style.css,214,css,5f822c69,Harshini118,2026-04-17,23:38:56,-07:00,2026-04-17T23:38:56-07:00,1,19
style.css,215,css,5f822c69,Harshini118,2026-04-17,23:38:56,-07:00,2026-04-17T23:38:56-07:00,0,1
style.css,216,css,5f822c69,Harshini118,2026-04-17,23:38:56,-07:00,2026-04-17T23:38:56-07:00,0,0
style.css,217,css,f8ead29f,Harshini118,2026-04-18,20:17:00,-07:00,2026-04-18T20:17:00-07:00,0,11
style.css,218,css,f8ead29f,Harshini118,2026-04-18,20:17:00,-07:00,2026-04-18T20:17:00-07:00,0,14
style.css,219,css,f8ead29f,Harshini118,2026-04-18,20:17:00,-07:00,2026-04-18T20:17:00-07:00,1,21
style.css,220,css,5f822c69,Harshini118,2026-04-17,23:38:56,-07:00,2026-04-17T23:38:56-07:00,0,1
style.css,221,css,5f822c69,Harshini118,2026-04-17,23:38:56,-07:00,2026-04-17T23:38:56-07:00,0,0
style.css,222,css,f8ead29f,Harshini118,2026-04-18,20:17:00,-07:00,2026-04-18T20:17:00-07:00,0,24
style.css,223,css,f8ead29f,Harshini118,2026-04-18,20:17:00,-07:00,2026-04-18T20:17:00-07:00,0,16
style.css,224,css,f8ead29f,Harshini118,2026-04-18,20:17:00,-07:00,2026-04-18T20:17:00-07:00,1,14
style.css,225,css,f8ead29f,Harshini118,2026-04-18,20:17:00,-07:00,2026-04-18T20:17:00-07:00,1,31
style.css,226,css,f8ead29f,Harshini118,2026-04-18,20:17:00,-07:00,2026-04-18T20:17:00-07:00,1,22
style.css,227,css,55276b66,Harshini118,2026-04-17,23:41:38,-07:00,2026-04-17T23:41:38-07:00,0,1
style.css,228,css,55276b66,Harshini118,2026-04-17,23:41:38,-07:00,2026-04-17T23:41:38-07:00,0,0
style.css,229,css,f8ead29f,Harshini118,2026-04-18,20:17:00,-07:00,2026-04-18T20:17:00-07:00,0,14
style.css,230,css,f8ead29f,Harshini118,2026-04-18,20:17:00,-07:00,2026-04-18T20:17:00-07:00,1,12
style.css,231,css,5f822c69,Harshini118,2026-04-17,23:38:56,-07:00,2026-04-17T23:38:56-07:00,1,17
style.css,232,css,5f822c69,Harshini118,2026-04-17,23:38:56,-07:00,2026-04-17T23:38:56-07:00,0,1
style.css,233,css,5f822c69,Harshini118,2026-04-17,23:38:56,-07:00,2026-04-17T23:38:56-07:00,0,0
style.css,234,css,f8ead29f,Harshini118,2026-04-18,20:17:00,-07:00,2026-04-18T20:17:00-07:00,0,13
style.css,235,css,f8ead29f,Harshini118,2026-04-18,20:17:00,-07:00,2026-04-18T20:17:00-07:00,0,17
style.css,236,css,f8ead29f,Harshini118,2026-04-18,20:17:00,-07:00,2026-04-18T20:17:00-07:00,1,18
style.css,237,css,f8ead29f,Harshini118,2026-04-18,20:17:00,-07:00,2026-04-18T20:17:00-07:00,1,20
style.css,238,css,f8ead29f,Harshini118,2026-04-18,20:17:00,-07:00,2026-04-18T20:17:00-07:00,0,1
style.css,239,css,f8ead29f,Harshini118,2026-04-18,20:17:00,-07:00,2026-04-18T20:17:00-07:00,0,0
style.css,240,css,f8ead29f,Harshini118,2026-04-18,20:17:00,-07:00,2026-04-18T20:17:00-07:00,0,12
style.css,241,css,f8ead29f,Harshini118,2026-04-18,20:17:00,-07:00,2026-04-18T20:17:00-07:00,0,17
style.css,242,css,f8ead29f,Harshini118,2026-04-18,20:17:00,-07:00,2026-04-18T20:17:00-07:00,1,21
style.css,243,css,f8ead29f,Harshini118,2026-04-18,20:17:00,-07:00,2026-04-18T20:17:00-07:00,0,1
style.css,244,css,f8ead29f,Harshini118,2026-04-18,20:17:00,-07:00,2026-04-18T20:17:00-07:00,0,0
style.css,245,css,f8ead29f,Harshini118,2026-04-18,20:17:00,-07:00,2026-04-18T20:17:00-07:00,0,0
style.css,246,css,f8ead29f,Harshini118,2026-04-18,20:17:00,-07:00,2026-04-18T20:17:00-07:00,0,0
style.css,247,css,5f822c69,Harshini118,2026-04-17,23:38:56,-07:00,2026-04-17T23:38:56-07:00,0,28
style.css,248,css,55276b66,Harshini118,2026-04-17,23:41:38,-07:00,2026-04-17T23:41:38-07:00,1,9
style.css,249,css,5f822c69,Harshini118,2026-04-17,23:38:56,-07:00,2026-04-17T23:38:56-07:00,0,28
style.css,250,css,55276b66,Harshini118,2026-04-17,23:41:38,-07:00,2026-04-17T23:41:38-07:00,0,6
style.css,251,css,55276b66,Harshini118,2026-04-17,23:41:38,-07:00,2026-04-17T23:41:38-07:00,1,25
style.css,252,css,a995da3f,Harshini118,2026-04-17,23:27:39,-07:00,2026-04-17T23:27:39-07:00,0,1
style.css,253,css,a995da3f,Harshini118,2026-04-17,23:27:39,-07:00,2026-04-17T23:27:39-07:00,0,0
style.css,254,css,55276b66,Harshini118,2026-04-17,23:41:38,-07:00,2026-04-17T23:41:38-07:00,0,15
style.css,255,css,55276b66,Harshini118,2026-04-17,23:41:38,-07:00,2026-04-17T23:41:38-07:00,1,19
style.css,256,css,55276b66,Harshini118,2026-04-17,23:41:38,-07:00,2026-04-17T23:41:38-07:00,1,10
style.css,257,css,55276b66,Harshini118,2026-04-17,23:41:38,-07:00,2026-04-17T23:41:38-07:00,1,12
style.css,258,css,55276b66,Harshini118,2026-04-17,23:41:38,-07:00,2026-04-17T23:41:38-07:00,1,15
style.css,259,css,bb416ab6,Harshini118,2026-04-18,19:41:34,-07:00,2026-04-18T19:41:34-07:00,0,1
style.css,260,css,bb416ab6,Harshini118,2026-04-18,19:41:34,-07:00,2026-04-18T19:41:34-07:00,0,23
style.css,261,css,bb416ab6,Harshini118,2026-04-18,19:41:34,-07:00,2026-04-18T19:41:34-07:00,0,14
style.css,262,css,bb416ab6,Harshini118,2026-04-18,19:41:34,-07:00,2026-04-18T19:41:34-07:00,1,13
style.css,263,css,bb416ab6,Harshini118,2026-04-18,19:41:34,-07:00,2026-04-18T19:41:34-07:00,1,16
style.css,264,css,bb416ab6,Harshini118,2026-04-18,19:41:34,-07:00,2026-04-18T19:41:34-07:00,1,20
style.css,265,css,bb416ab6,Harshini118,2026-04-18,19:41:34,-07:00,2026-04-18T19:41:34-07:00,1,15
style.css,266,css,bb416ab6,Harshini118,2026-04-18,19:41:34,-07:00,2026-04-18T19:41:34-07:00,1,16
style.css,267,css,bb416ab6,Harshini118,2026-04-18,19:41:34,-07:00,2026-04-18T19:41:34-07:00,0,1
style.css,268,css,bb416ab6,Harshini118,2026-04-18,19:41:34,-07:00,2026-04-18T19:41:34-07:00,0,0
style.css,269,css,bb416ab6,Harshini118,2026-04-18,19:41:34,-07:00,2026-04-18T19:41:34-07:00,0,20
style.css,270,css,bb416ab6,Harshini118,2026-04-18,19:41:34,-07:00,2026-04-18T19:41:34-07:00,0,17
style.css,271,css,bb416ab6,Harshini118,2026-04-18,19:41:34,-07:00,2026-04-18T19:41:34-07:00,1,19
style.css,272,css,bb416ab6,Harshini118,2026-04-18,19:41:34,-07:00,2026-04-18T19:41:34-07:00,0,1
style.css,273,css,bb416ab6,Harshini118,2026-04-18,19:41:34,-07:00,2026-04-18T19:41:34-07:00,0,0
style.css,274,css,bb416ab6,Harshini118,2026-04-18,19:41:34,-07:00,2026-04-18T19:41:34-07:00,0,14
style.css,275,css,bb416ab6,Harshini118,2026-04-18,19:41:34,-07:00,2026-04-18T19:41:34-07:00,1,21
style.css,276,css,bb416ab6,Harshini118,2026-04-18,19:41:34,-07:00,2026-04-18T19:41:34-07:00,0,1
style.css,277,css,bb416ab6,Harshini118,2026-04-18,19:41:34,-07:00,2026-04-18T19:41:34-07:00,0,0
style.css,278,css,bb416ab6,Harshini118,2026-04-18,19:41:34,-07:00,2026-04-18T19:41:34-07:00,0,16
style.css,279,css,bb416ab6,Harshini118,2026-04-18,19:41:34,-07:00,2026-04-18T19:41:34-07:00,1,14
style.css,280,css,bb416ab6,Harshini118,2026-04-18,19:41:34,-07:00,2026-04-18T19:41:34-07:00,1,31
style.css,281,css,bb416ab6,Harshini118,2026-04-18,19:41:34,-07:00,2026-04-18T19:41:34-07:00,1,22
style.css,282,css,bb416ab6,Harshini118,2026-04-18,19:41:34,-07:00,2026-04-18T19:41:34-07:00,0,1
style.css,283,css,bb416ab6,Harshini118,2026-04-18,19:41:34,-07:00,2026-04-18T19:41:34-07:00,0,0
style.css,284,css,bb416ab6,Harshini118,2026-04-18,19:41:34,-07:00,2026-04-18T19:41:34-07:00,0,21
style.css,285,css,bb416ab6,Harshini118,2026-04-18,19:41:34,-07:00,2026-04-18T19:41:34-07:00,1,12
style.css,286,css,bb416ab6,Harshini118,2026-04-18,19:41:34,-07:00,2026-04-18T19:41:34-07:00,1,17
style.css,287,css,bb416ab6,Harshini118,2026-04-18,19:41:34,-07:00,2026-04-18T19:41:34-07:00,0,1
style.css,288,css,bb416ab6,Harshini118,2026-04-18,19:41:34,-07:00,2026-04-18T19:41:34-07:00,0,0
style.css,289,css,bb416ab6,Harshini118,2026-04-18,19:41:34,-07:00,2026-04-18T19:41:34-07:00,0,28
style.css,290,css,bb416ab6,Harshini118,2026-04-18,19:41:34,-07:00,2026-04-18T19:41:34-07:00,1,23
style.css,291,css,bb416ab6,Harshini118,2026-04-18,19:41:34,-07:00,2026-04-18T19:41:34-07:00,0,28
style.css,292,css,bb416ab6,Harshini118,2026-04-18,19:41:34,-07:00,2026-04-18T19:41:34-07:00,0,0
style.css,293,css,bb416ab6,Harshini118,2026-04-18,19:41:34,-07:00,2026-04-18T19:41:34-07:00,0,28
style.css,294,css,bb416ab6,Harshini118,2026-04-18,19:41:34,-07:00,2026-04-18T19:41:34-07:00,0,16
style.css,295,css,bb416ab6,Harshini118,2026-04-18,19:41:34,-07:00,2026-04-18T19:41:34-07:00,1,26
style.css,296,css,bb416ab6,Harshini118,2026-04-18,19:41:34,-07:00,2026-04-18T19:41:34-07:00,1,15
style.css,297,css,bb416ab6,Harshini118,2026-04-18,19:41:34,-07:00,2026-04-18T19:41:34-07:00,0,1
style.css,298,css,bb416ab6,Harshini118,2026-04-18,19:41:34,-07:00,2026-04-18T19:41:34-07:00,0,0
style.css,299,css,bb416ab6,Harshini118,2026-04-18,19:41:34,-07:00,2026-04-18T19:41:34-07:00,0,16
style.css,300,css,bb416ab6,Harshini118,2026-04-18,19:41:34,-07:00,2026-04-18T19:41:34-07:00,0,15
style.css,301,css,bb416ab6,Harshini118,2026-04-18,19:41:34,-07:00,2026-04-18T19:41:34-07:00,1,21
style.css,302,css,bb416ab6,Harshini118,2026-04-18,19:41:34,-07:00,2026-04-18T19:41:34-07:00,0,1
style.css,303,css,bb416ab6,Harshini118,2026-04-18,19:41:34,-07:00,2026-04-18T19:41:34-07:00,0,0
style.css,304,css,bb416ab6,Harshini118,2026-04-18,19:41:34,-07:00,2026-04-18T19:41:34-07:00,0,11
style.css,305,css,bb416ab6,Harshini118,2026-04-18,19:41:34,-07:00,2026-04-18T19:41:34-07:00,0,13
style.css,306,css,bb416ab6,Harshini118,2026-04-18,19:41:34,-07:00,2026-04-18T19:41:34-07:00,1,15
style.css,307,css,bb416ab6,Harshini118,2026-04-18,19:41:34,-07:00,2026-04-18T19:41:34-07:00,0,1
style.css,308,css,bb416ab6,Harshini118,2026-04-18,19:41:34,-07:00,2026-04-18T19:41:34-07:00,0,0
style.css,309,css,bb416ab6,Harshini118,2026-04-18,19:41:34,-07:00,2026-04-18T19:41:34-07:00,0,13
style.css,310,css,bb416ab6,Harshini118,2026-04-18,19:41:34,-07:00,2026-04-18T19:41:34-07:00,0,18
style.css,311,css,bb416ab6,Harshini118,2026-04-18,19:41:34,-07:00,2026-04-18T19:41:34-07:00,1,23
style.css,312,css,bb416ab6,Harshini118,2026-04-18,19:41:34,-07:00,2026-04-18T19:41:34-07:00,1,13
style.css,313,css,bb416ab6,Harshini118,2026-04-18,19:41:34,-07:00,2026-04-18T19:41:34-07:00,1,13
style.css,314,css,bb416ab6,Harshini118,2026-04-18,19:41:34,-07:00,2026-04-18T19:41:34-07:00,0,1
style.css,315,css,bb416ab6,Harshini118,2026-04-18,19:41:34,-07:00,2026-04-18T19:41:34-07:00,0,0
style.css,316,css,bb416ab6,Harshini118,2026-04-18,19:41:34,-07:00,2026-04-18T19:41:34-07:00,0,12
style.css,317,css,bb416ab6,Harshini118,2026-04-18,19:41:34,-07:00,2026-04-18T19:41:34-07:00,0,16
style.css,318,css,bb416ab6,Harshini118,2026-04-18,19:41:34,-07:00,2026-04-18T19:41:34-07:00,0,20
style.css,319,css,bb416ab6,Harshini118,2026-04-18,19:41:34,-07:00,2026-04-18T19:41:34-07:00,1,26
style.css,320,css,bb416ab6,Harshini118,2026-04-18,19:41:34,-07:00,2026-04-18T19:41:34-07:00,1,13
style.css,321,css,bb416ab6,Harshini118,2026-04-18,19:41:34,-07:00,2026-04-18T19:41:34-07:00,1,23
style.css,322,css,bb416ab6,Harshini118,2026-04-18,19:41:34,-07:00,2026-04-18T19:41:34-07:00,0,1
style.css,323,css,bb416ab6,Harshini118,2026-04-18,19:41:34,-07:00,2026-04-18T19:41:34-07:00,0,0
style.css,324,css,bb416ab6,Harshini118,2026-04-18,19:41:34,-07:00,2026-04-18T19:41:34-07:00,0,50
style.css,325,css,bb416ab6,Harshini118,2026-04-18,19:41:34,-07:00,2026-04-18T19:41:34-07:00,0,29
style.css,326,css,bb416ab6,Harshini118,2026-04-18,19:41:34,-07:00,2026-04-18T19:41:34-07:00,1,26
style.css,327,css,bb416ab6,Harshini118,2026-04-18,19:41:34,-07:00,2026-04-18T19:41:34-07:00,0,1
style.css,328,css,bb416ab6,Harshini118,2026-04-18,19:41:34,-07:00,2026-04-18T19:41:34-07:00,0,0
style.css,329,css,bb416ab6,Harshini118,2026-04-18,19:41:34,-07:00,2026-04-18T19:41:34-07:00,0,23
style.css,330,css,bb416ab6,Harshini118,2026-04-18,19:41:34,-07:00,2026-04-18T19:41:34-07:00,0,19
style.css,331,css,bb416ab6,Harshini118,2026-04-18,19:41:34,-07:00,2026-04-18T19:41:34-07:00,1,30
style.css,332,css,bb416ab6,Harshini118,2026-04-18,19:41:34,-07:00,2026-04-18T19:41:34-07:00,0,1
style.css,333,css,bb416ab6,Harshini118,2026-04-18,19:41:34,-07:00,2026-04-18T19:41:34-07:00,0,0
style.css,334,css,ca118595,Harshini,2026-05-08,23:08:51,-07:00,2026-05-08T23:08:51-07:00,0,28
style.css,335,css,ca118595,Harshini,2026-05-08,23:08:51,-07:00,2026-05-08T23:08:51-07:00,1,13
style.css,336,css,ca118595,Harshini,2026-05-08,23:08:51,-07:00,2026-05-08T23:08:51-07:00,0,28
style.css,337,css,ca118595,Harshini,2026-05-08,23:08:51,-07:00,2026-05-08T23:08:51-07:00,0,20
style.css,338,css,ca118595,Harshini,2026-05-08,23:08:51,-07:00,2026-05-08T23:08:51-07:00,1,18
style.css,339,css,ca118595,Harshini,2026-05-08,23:08:51,-07:00,2026-05-08T23:08:51-07:00,0,1
style.css,340,css,ca118595,Harshini,2026-05-08,23:08:51,-07:00,2026-05-08T23:08:51-07:00,0,0
style.css,341,css,ca118595,Harshini,2026-05-08,23:08:51,-07:00,2026-05-08T23:08:51-07:00,0,8
style.css,342,css,ca118595,Harshini,2026-05-08,23:08:51,-07:00,2026-05-08T23:08:51-07:00,1,14
style.css,343,css,ca118595,Harshini,2026-05-08,23:08:51,-07:00,2026-05-08T23:08:51-07:00,1,59
style.css,344,css,ca118595,Harshini,2026-05-08,23:08:51,-07:00,2026-05-08T23:08:51-07:00,1,9
style.css,345,css,ca118595,Harshini,2026-05-08,23:08:51,-07:00,2026-05-08T23:08:51-07:00,1,18
style.css,346,css,ca118595,Harshini,2026-05-08,23:08:51,-07:00,2026-05-08T23:08:51-07:00,0,1
style.css,347,css,ca118595,Harshini,2026-05-08,23:08:51,-07:00,2026-05-08T23:08:51-07:00,0,0
style.css,348,css,ca118595,Harshini,2026-05-08,23:08:51,-07:00,2026-05-08T23:08:51-07:00,0,11
style.css,349,css,ca118595,Harshini,2026-05-08,23:08:51,-07:00,2026-05-08T23:08:51-07:00,1,12
style.css,350,css,ca118595,Harshini,2026-05-08,23:08:51,-07:00,2026-05-08T23:08:51-07:00,1,17
style.css,351,css,ca118595,Harshini,2026-05-08,23:08:51,-07:00,2026-05-08T23:08:51-07:00,0,1
style.css,352,css,ca118595,Harshini,2026-05-08,23:08:51,-07:00,2026-05-08T23:08:51-07:00,0,0
style.css,353,css,ca118595,Harshini,2026-05-08,23:08:51,-07:00,2026-05-08T23:08:51-07:00,0,11
style.css,354,css,ca118595,Harshini,2026-05-08,23:08:51,-07:00,2026-05-08T23:08:51-07:00,1,10
style.css,355,css,ca118595,Harshini,2026-05-08,23:08:51,-07:00,2026-05-08T23:08:51-07:00,1,18
style.css,356,css,ca118595,Harshini,2026-05-08,23:08:51,-07:00,2026-05-08T23:08:51-07:00,1,17
style.css,357,css,ca118595,Harshini,2026-05-08,23:08:51,-07:00,2026-05-08T23:08:51-07:00,0,1
style.css,358,css,ca118595,Harshini,2026-05-08,23:08:51,-07:00,2026-05-08T23:08:51-07:00,0,0
style.css,359,css,ca118595,Harshini,2026-05-08,23:08:51,-07:00,2026-05-08T23:08:51-07:00,0,8
style.css,360,css,ca118595,Harshini,2026-05-08,23:08:51,-07:00,2026-05-08T23:08:51-07:00,1,16
style.css,361,css,ca118595,Harshini,2026-05-08,23:08:51,-07:00,2026-05-08T23:08:51-07:00,1,18
style.css,362,css,ca118595,Harshini,2026-05-08,23:08:51,-07:00,2026-05-08T23:08:51-07:00,0,1
style.css,363,css,ca118595,Harshini,2026-05-08,23:08:51,-07:00,2026-05-08T23:08:51-07:00,0,0
style.css,364,css,ca118595,Harshini,2026-05-08,23:08:51,-07:00,2026-05-08T23:08:51-07:00,0,12
style.css,365,css,ca118595,Harshini,2026-05-08,23:08:51,-07:00,2026-05-08T23:08:51-07:00,1,12
style.css,366,css,ca118595,Harshini,2026-05-08,23:08:51,-07:00,2026-05-08T23:08:51-07:00,1,13
style.css,367,css,ca118595,Harshini,2026-05-08,23:08:51,-07:00,2026-05-08T23:08:51-07:00,0,1
style.css,368,css,ca118595,Harshini,2026-05-08,23:08:51,-07:00,2026-05-08T23:08:51-07:00,0,0
style.css,369,css,ca118595,Harshini,2026-05-08,23:08:51,-07:00,2026-05-08T23:08:51-07:00,0,17
style.css,370,css,ca118595,Harshini,2026-05-08,23:08:51,-07:00,2026-05-08T23:08:51-07:00,1,13
style.css,371,css,ca118595,Harshini,2026-05-08,23:08:51,-07:00,2026-05-08T23:08:51-07:00,1,20
style.css,372,css,ca118595,Harshini,2026-05-08,23:08:51,-07:00,2026-05-08T23:08:51-07:00,0,1
style.css,373,css,ca118595,Harshini,2026-05-08,23:08:51,-07:00,2026-05-08T23:08:51-07:00,0,0
style.css,374,css,ca118595,Harshini,2026-05-08,23:08:51,-07:00,2026-05-08T23:08:51-07:00,0,17
style.css,375,css,ca118595,Harshini,2026-05-08,23:08:51,-07:00,2026-05-08T23:08:51-07:00,1,14
style.css,376,css,ca118595,Harshini,2026-05-08,23:08:51,-07:00,2026-05-08T23:08:51-07:00,0,1
style.css,377,css,ca118595,Harshini,2026-05-08,23:08:51,-07:00,2026-05-08T23:08:51-07:00,0,0
style.css,378,css,ca118595,Harshini,2026-05-08,23:08:51,-07:00,2026-05-08T23:08:51-07:00,0,15
style.css,379,css,ca118595,Harshini,2026-05-08,23:08:51,-07:00,2026-05-08T23:08:51-07:00,1,18
style.css,380,css,ca118595,Harshini,2026-05-08,23:08:51,-07:00,2026-05-08T23:08:51-07:00,1,25
style.css,381,css,ca118595,Harshini,2026-05-08,23:08:51,-07:00,2026-05-08T23:08:51-07:00,1,24
style.css,382,css,ca118595,Harshini,2026-05-08,23:08:51,-07:00,2026-05-08T23:08:51-07:00,0,1
style.css,383,css,ca118595,Harshini,2026-05-08,23:08:51,-07:00,2026-05-08T23:08:51-07:00,0,0
style.css,384,css,ca118595,Harshini,2026-05-08,23:08:51,-07:00,2026-05-08T23:08:51-07:00,0,21
style.css,385,css,ca118595,Harshini,2026-05-08,23:08:51,-07:00,2026-05-08T23:08:51-07:00,1,22
style.css,386,css,ca118595,Harshini,2026-05-08,23:08:51,-07:00,2026-05-08T23:08:51-07:00,0,1
style.css,387,css,ca118595,Harshini,2026-05-08,23:08:51,-07:00,2026-05-08T23:08:51-07:00,0,0
style.css,388,css,ca118595,Harshini,2026-05-08,23:08:51,-07:00,2026-05-08T23:08:51-07:00,0,24
style.css,389,css,ca118595,Harshini,2026-05-08,23:08:51,-07:00,2026-05-08T23:08:51-07:00,1,14
style.css,390,css,ca118595,Harshini,2026-05-08,23:08:51,-07:00,2026-05-08T23:08:51-07:00,0,1
style.css,391,css,ca118595,Harshini,2026-05-08,23:08:51,-07:00,2026-05-08T23:08:51-07:00,0,0
style.css,392,css,ca118595,Harshini,2026-05-08,23:08:51,-07:00,2026-05-08T23:08:51-07:00,0,9
style.css,393,css,ca118595,Harshini,2026-05-08,23:08:51,-07:00,2026-05-08T23:08:51-07:00,1,14
style.css,394,css,ca118595,Harshini,2026-05-08,23:08:51,-07:00,2026-05-08T23:08:51-07:00,1,32
style.css,395,css,ca118595,Harshini,2026-05-08,23:08:51,-07:00,2026-05-08T23:08:51-07:00,1,19
style.css,396,css,ca118595,Harshini,2026-05-08,23:08:51,-07:00,2026-05-08T23:08:51-07:00,1,10
style.css,397,css,ca118595,Harshini,2026-05-08,23:08:51,-07:00,2026-05-08T23:08:51-07:00,1,27
style.css,398,css,ca118595,Harshini,2026-05-08,23:08:51,-07:00,2026-05-08T23:08:51-07:00,1,41
style.css,399,css,ca118595,Harshini,2026-05-08,23:08:51,-07:00,2026-05-08T23:08:51-07:00,0,1
style.css,400,css,ca118595,Harshini,2026-05-08,23:08:51,-07:00,2026-05-08T23:08:51-07:00,0,0
style.css,401,css,ca118595,Harshini,2026-05-08,23:08:51,-07:00,2026-05-08T23:08:51-07:00,0,12
style.css,402,css,ca118595,Harshini,2026-05-08,23:08:51,-07:00,2026-05-08T23:08:51-07:00,1,12
style.css,403,css,ca118595,Harshini,2026-05-08,23:08:51,-07:00,2026-05-08T23:08:51-07:00,1,17
style.css,404,css,ca118595,Harshini,2026-05-08,23:08:51,-07:00,2026-05-08T23:08:51-07:00,0,1
style.css,405,css,ca118595,Harshini,2026-05-08,23:08:51,-07:00,2026-05-08T23:08:51-07:00,0,0
style.css,406,css,ca118595,Harshini,2026-05-08,23:08:51,-07:00,2026-05-08T23:08:51-07:00,0,12
style.css,407,css,ca118595,Harshini,2026-05-08,23:08:51,-07:00,2026-05-08T23:08:51-07:00,1,10
style.css,408,css,ca118595,Harshini,2026-05-08,23:08:51,-07:00,2026-05-08T23:08:51-07:00,0,1
style.css,409,css,ca118595,Harshini,2026-05-08,23:08:51,-07:00,2026-05-08T23:08:51-07:00,0,0
style.css,410,css,ca118595,Harshini,2026-05-08,23:08:51,-07:00,2026-05-08T23:08:51-07:00,0,10
style.css,411,css,ca118595,Harshini,2026-05-08,23:08:51,-07:00,2026-05-08T23:08:51-07:00,1,16
style.css,412,css,ca118595,Harshini,2026-05-08,23:08:51,-07:00,2026-05-08T23:08:51-07:00,1,12
style.css,413,css,ca118595,Harshini,2026-05-08,23:08:51,-07:00,2026-05-08T23:08:51-07:00,1,16
style.css,414,css,ca118595,Harshini,2026-05-08,23:08:51,-07:00,2026-05-08T23:08:51-07:00,1,15
style.css,415,css,ca118595,Harshini,2026-05-08,23:08:51,-07:00,2026-05-08T23:08:51-07:00,1,38
style.css,416,css,ca118595,Harshini,2026-05-08,23:08:51,-07:00,2026-05-08T23:08:51-07:00,1,19
style.css,417,css,ca118595,Harshini,2026-05-08,23:08:51,-07:00,2026-05-08T23:08:51-07:00,1,57
style.css,418,css,ca118595,Harshini,2026-05-08,23:08:51,-07:00,2026-05-08T23:08:51-07:00,1,40
style.css,419,css,ca118595,Harshini,2026-05-08,23:08:51,-07:00,2026-05-08T23:08:51-07:00,1,27
style.css,420,css,ca118595,Harshini,2026-05-08,23:08:51,-07:00,2026-05-08T23:08:51-07:00,1,21
style.css,421,css,ca118595,Harshini,2026-05-08,23:08:51,-07:00,2026-05-08T23:08:51-07:00,0,1
style.css,422,css,ca118595,Harshini,2026-05-08,23:08:51,-07:00,2026-05-08T23:08:51-07:00,0,0
style.css,423,css,ca118595,Harshini,2026-05-08,23:08:51,-07:00,2026-05-08T23:08:51-07:00,0,44
style.css,424,css,ca118595,Harshini,2026-05-08,23:08:51,-07:00,2026-05-08T23:08:51-07:00,1,11
style.css,425,css,ca118595,Harshini,2026-05-08,23:08:51,-07:00,2026-05-08T23:08:51-07:00,1,19
style.css,426,css,ca118595,Harshini,2026-05-08,23:08:51,-07:00,2026-05-08T23:08:51-07:00,0,1
style.css,427,css,ca118595,Harshini,2026-05-08,23:08:51,-07:00,2026-05-08T23:08:51-07:00,0,0
style.css,428,css,ca118595,Harshini,2026-05-08,23:08:51,-07:00,2026-05-08T23:08:51-07:00,0,18
style.css,429,css,ca118595,Harshini,2026-05-08,23:08:51,-07:00,2026-05-08T23:08:51-07:00,1,17
style.css,430,css,ca118595,Harshini,2026-05-08,23:08:51,-07:00,2026-05-08T23:08:51-07:00,0,1
style.css,431,css,ca118595,Harshini,2026-05-08,23:08:51,-07:00,2026-05-08T23:08:51-07:00,0,0
style.css,432,css,ca118595,Harshini,2026-05-08,23:08:51,-07:00,2026-05-08T23:08:51-07:00,0,26
style.css,433,css,ca118595,Harshini,2026-05-08,23:08:51,-07:00,2026-05-08T23:08:51-07:00,1,4
style.css,434,css,ca118595,Harshini,2026-05-08,23:08:51,-07:00,2026-05-08T23:08:51-07:00,2,22
style.css,435,css,ca118595,Harshini,2026-05-08,23:08:51,-07:00,2026-05-08T23:08:51-07:00,1,1
style.css,436,css,ca118595,Harshini,2026-05-08,23:08:51,-07:00,2026-05-08T23:08:51-07:00,0,1
style.css,437,css,ca118595,Harshini,2026-05-08,23:08:51,-07:00,2026-05-08T23:08:51-07:00,0,0
style.css,438,css,ca118595,Harshini,2026-05-08,23:08:51,-07:00,2026-05-08T23:08:51-07:00,0,12
style.css,439,css,ca118595,Harshini,2026-05-08,23:08:51,-07:00,2026-05-08T23:08:51-07:00,1,18
style.css,440,css,ca118595,Harshini,2026-05-08,23:08:51,-07:00,2026-05-08T23:08:51-07:00,1,14
style.css,441,css,ca118595,Harshini,2026-05-08,23:08:51,-07:00,2026-05-08T23:08:51-07:00,1,20
style.css,442,css,ca118595,Harshini,2026-05-08,23:08:51,-07:00,2026-05-08T23:08:51-07:00,1,22
style.css,443,css,ca118595,Harshini,2026-05-08,23:08:51,-07:00,2026-05-08T23:08:51-07:00,1,44
style.css,444,css,ca118595,Harshini,2026-05-08,23:08:51,-07:00,2026-05-08T23:08:51-07:00,0,1
style.css,445,css,ca118595,Harshini,2026-05-08,23:08:51,-07:00,2026-05-08T23:08:51-07:00,0,0
style.css,446,css,bb416ab6,Harshini118,2026-04-18,19:41:34,-07:00,2026-04-18T19:41:34-07:00,0,15
style.css,447,css,bb416ab6,Harshini118,2026-04-18,19:41:34,-07:00,2026-04-18T19:41:34-07:00,1,24
style.css,448,css,b7b6d197,Harshini118,2026-04-18,19:54:56,-07:00,2026-04-18T19:54:56-07:00,0,1
style.css,449,css,b7b6d197,Harshini118,2026-04-18,19:54:56,-07:00,2026-04-18T19:54:56-07:00,0,0
style.css,450,css,b7b6d197,Harshini118,2026-04-18,19:54:56,-07:00,2026-04-18T19:54:56-07:00,0,28
style.css,451,css,b7b6d197,Harshini118,2026-04-18,19:54:56,-07:00,2026-04-18T19:54:56-07:00,1,29
style.css,452,css,b7b6d197,Harshini118,2026-04-18,19:54:56,-07:00,2026-04-18T19:54:56-07:00,0,28
style.css,453,css,b7b6d197,Harshini118,2026-04-18,19:54:56,-07:00,2026-04-18T19:54:56-07:00,0,7
style.css,454,css,b7b6d197,Harshini118,2026-04-18,19:54:56,-07:00,2026-04-18T19:54:56-07:00,1,14
style.css,455,css,b7b6d197,Harshini118,2026-04-18,19:54:56,-07:00,2026-04-18T19:54:56-07:00,1,20
style.css,456,css,b7b6d197,Harshini118,2026-04-18,19:54:56,-07:00,2026-04-18T19:54:56-07:00,1,9
style.css,457,css,b7b6d197,Harshini118,2026-04-18,19:54:56,-07:00,2026-04-18T19:54:56-07:00,1,16
style.css,458,css,b7b6d197,Harshini118,2026-04-18,19:54:56,-07:00,2026-04-18T19:54:56-07:00,0,1
style.css,459,css,b7b6d197,Harshini118,2026-04-18,19:54:56,-07:00,2026-04-18T19:54:56-07:00,0,0
style.css,460,css,b7b6d197,Harshini118,2026-04-18,19:54:56,-07:00,2026-04-18T19:54:56-07:00,0,12
style.css,461,css,b7b6d197,Harshini118,2026-04-18,19:54:56,-07:00,2026-04-18T19:54:56-07:00,1,8
style.css,462,css,b7b6d197,Harshini118,2026-04-18,19:54:56,-07:00,2026-04-18T19:54:56-07:00,0,1
style.css,463,css,b7b6d197,Harshini118,2026-04-18,19:54:56,-07:00,2026-04-18T19:54:56-07:00,0,0
style.css,464,css,b7b6d197,Harshini118,2026-04-18,19:54:56,-07:00,2026-04-18T19:54:56-07:00,0,14
style.css,465,css,b7b6d197,Harshini118,2026-04-18,19:54:56,-07:00,2026-04-18T19:54:56-07:00,1,13
style.css,466,css,b7b6d197,Harshini118,2026-04-18,19:54:56,-07:00,2026-04-18T19:54:56-07:00,1,20
style.css,467,css,b7b6d197,Harshini118,2026-04-18,19:54:56,-07:00,2026-04-18T19:54:56-07:00,0,1
style.css,468,css,b7b6d197,Harshini118,2026-04-18,19:54:56,-07:00,2026-04-18T19:54:56-07:00,0,0
style.css,469,css,b7b6d197,Harshini118,2026-04-18,19:54:56,-07:00,2026-04-18T19:54:56-07:00,0,10
style.css,470,css,b7b6d197,Harshini118,2026-04-18,19:54:56,-07:00,2026-04-18T19:54:56-07:00,1,12
style.css,471,css,b7b6d197,Harshini118,2026-04-18,19:54:56,-07:00,2026-04-18T19:54:56-07:00,0,1
style.css,472,css,b7b6d197,Harshini118,2026-04-18,19:54:56,-07:00,2026-04-18T19:54:56-07:00,0,0
style.css,473,css,b7b6d197,Harshini118,2026-04-18,19:54:56,-07:00,2026-04-18T19:54:56-07:00,0,16
style.css,474,css,b7b6d197,Harshini118,2026-04-18,19:54:56,-07:00,2026-04-18T19:54:56-07:00,0,27
style.css,475,css,b7b6d197,Harshini118,2026-04-18,19:54:56,-07:00,2026-04-18T19:54:56-07:00,1,7
style.css,476,css,b7b6d197,Harshini118,2026-04-18,19:54:56,-07:00,2026-04-18T19:54:56-07:00,2,23
style.css,477,css,b7b6d197,Harshini118,2026-04-18,19:54:56,-07:00,2026-04-18T19:54:56-07:00,2,19
style.css,478,css,b7b6d197,Harshini118,2026-04-18,19:54:56,-07:00,2026-04-18T19:54:56-07:00,1,1
style.css,479,css,84496a05,Harshini118,2026-04-18,20:02:07,-07:00,2026-04-18T20:02:07-07:00,0,1
style.css,480,css,84496a05,Harshini118,2026-04-18,20:02:07,-07:00,2026-04-18T20:02:07-07:00,0,28
style.css,481,css,84496a05,Harshini118,2026-04-18,20:02:07,-07:00,2026-04-18T20:02:07-07:00,1,32
style.css,482,css,84496a05,Harshini118,2026-04-18,20:02:07,-07:00,2026-04-18T20:02:07-07:00,0,28
style.css,483,css,84496a05,Harshini118,2026-04-18,20:02:07,-07:00,2026-04-18T20:02:07-07:00,0,0
style.css,484,css,84496a05,Harshini118,2026-04-18,20:02:07,-07:00,2026-04-18T20:02:07-07:00,0,37
style.css,485,css,84496a05,Harshini118,2026-04-18,20:02:07,-07:00,2026-04-18T20:02:07-07:00,0,6
style.css,486,css,84496a05,Harshini118,2026-04-18,20:02:07,-07:00,2026-04-18T20:02:07-07:00,1,17
style.css,487,css,84496a05,Harshini118,2026-04-18,20:02:07,-07:00,2026-04-18T20:02:07-07:00,1,15
style.css,488,css,84496a05,Harshini118,2026-04-18,20:02:07,-07:00,2026-04-18T20:02:07-07:00,0,1
style.css,489,css,84496a05,Harshini118,2026-04-18,20:02:07,-07:00,2026-04-18T20:02:07-07:00,0,0
style.css,490,css,84496a05,Harshini118,2026-04-18,20:02:07,-07:00,2026-04-18T20:02:07-07:00,0,19
style.css,491,css,84496a05,Harshini118,2026-04-18,20:02:07,-07:00,2026-04-18T20:02:07-07:00,0,9
style.css,492,css,84496a05,Harshini118,2026-04-18,20:02:07,-07:00,2026-04-18T20:02:07-07:00,1,18
style.css,493,css,84496a05,Harshini118,2026-04-18,20:02:07,-07:00,2026-04-18T20:02:07-07:00,1,15
style.css,494,css,84496a05,Harshini118,2026-04-18,20:02:07,-07:00,2026-04-18T20:02:07-07:00,1,20
style.css,495,css,84496a05,Harshini118,2026-04-18,20:02:07,-07:00,2026-04-18T20:02:07-07:00,1,21
style.css,496,css,84496a05,Harshini118,2026-04-18,20:02:07,-07:00,2026-04-18T20:02:07-07:00,1,40
style.css,497,css,84496a05,Harshini118,2026-04-18,20:02:07,-07:00,2026-04-18T20:02:07-07:00,0,1
style.css,498,css,84496a05,Harshini118,2026-04-18,20:02:07,-07:00,2026-04-18T20:02:07-07:00,0,0
style.css,499,css,84496a05,Harshini118,2026-04-18,20:02:07,-07:00,2026-04-18T20:02:07-07:00,0,20
style.css,500,css,84496a05,Harshini118,2026-04-18,20:02:07,-07:00,2026-04-18T20:02:07-07:00,0,12
style.css,501,css,84496a05,Harshini118,2026-04-18,20:02:07,-07:00,2026-04-18T20:02:07-07:00,1,17
style.css,502,css,84496a05,Harshini118,2026-04-18,20:02:07,-07:00,2026-04-18T20:02:07-07:00,1,21
style.css,503,css,84496a05,Harshini118,2026-04-18,20:02:07,-07:00,2026-04-18T20:02:07-07:00,1,30
style.css,504,css,84496a05,Harshini118,2026-04-18,20:02:07,-07:00,2026-04-18T20:02:07-07:00,1,22
style.css,505,css,84496a05,Harshini118,2026-04-18,20:02:07,-07:00,2026-04-18T20:02:07-07:00,0,1
style.css,506,css,84496a05,Harshini118,2026-04-18,20:02:07,-07:00,2026-04-18T20:02:07-07:00,0,0
style.css,507,css,84496a05,Harshini118,2026-04-18,20:02:07,-07:00,2026-04-18T20:02:07-07:00,0,29
style.css,508,css,84496a05,Harshini118,2026-04-18,20:02:07,-07:00,2026-04-18T20:02:07-07:00,0,9
style.css,509,css,84496a05,Harshini118,2026-04-18,20:02:07,-07:00,2026-04-18T20:02:07-07:00,1,21
style.css,510,css,84496a05,Harshini118,2026-04-18,20:02:07,-07:00,2026-04-18T20:02:07-07:00,0,1
style.css,511,css,84496a05,Harshini118,2026-04-18,20:02:07,-07:00,2026-04-18T20:02:07-07:00,0,0
style.css,512,css,84496a05,Harshini118,2026-04-18,20:02:07,-07:00,2026-04-18T20:02:07-07:00,0,39
style.css,513,css,84496a05,Harshini118,2026-04-18,20:02:07,-07:00,2026-04-18T20:02:07-07:00,0,16
style.css,514,css,84496a05,Harshini118,2026-04-18,20:02:07,-07:00,2026-04-18T20:02:07-07:00,1,14
style.css,515,css,84496a05,Harshini118,2026-04-18,20:02:07,-07:00,2026-04-18T20:02:07-07:00,1,31
style.css,516,css,84496a05,Harshini118,2026-04-18,20:02:07,-07:00,2026-04-18T20:02:07-07:00,1,22
style.css,517,css,84496a05,Harshini118,2026-04-18,20:02:07,-07:00,2026-04-18T20:02:07-07:00,0,1
style.css,518,css,84496a05,Harshini118,2026-04-18,20:02:07,-07:00,2026-04-18T20:02:07-07:00,0,0
style.css,519,css,84496a05,Harshini118,2026-04-18,20:02:07,-07:00,2026-04-18T20:02:07-07:00,0,21
style.css,520,css,84496a05,Harshini118,2026-04-18,20:02:07,-07:00,2026-04-18T20:02:07-07:00,0,19
style.css,521,css,84496a05,Harshini118,2026-04-18,20:02:07,-07:00,2026-04-18T20:02:07-07:00,1,17
style.css,522,css,84496a05,Harshini118,2026-04-18,20:02:07,-07:00,2026-04-18T20:02:07-07:00,1,17
style.css,523,css,84496a05,Harshini118,2026-04-18,20:02:07,-07:00,2026-04-18T20:02:07-07:00,0,1
style.css,524,css,84496a05,Harshini118,2026-04-18,20:02:07,-07:00,2026-04-18T20:02:07-07:00,0,0
style.css,525,css,84496a05,Harshini118,2026-04-18,20:02:07,-07:00,2026-04-18T20:02:07-07:00,0,20
style.css,526,css,84496a05,Harshini118,2026-04-18,20:02:07,-07:00,2026-04-18T20:02:07-07:00,0,14
style.css,527,css,84496a05,Harshini118,2026-04-18,20:02:07,-07:00,2026-04-18T20:02:07-07:00,1,12
style.css,528,css,84496a05,Harshini118,2026-04-18,20:02:07,-07:00,2026-04-18T20:02:07-07:00,1,17
style.css,529,css,84496a05,Harshini118,2026-04-18,20:02:07,-07:00,2026-04-18T20:02:07-07:00,0,1
style.css,530,css,84496a05,Harshini118,2026-04-18,20:02:07,-07:00,2026-04-18T20:02:07-07:00,0,0
style.css,531,css,84496a05,Harshini118,2026-04-18,20:02:07,-07:00,2026-04-18T20:02:07-07:00,0,21
style.css,532,css,84496a05,Harshini118,2026-04-18,20:02:07,-07:00,2026-04-18T20:02:07-07:00,0,4
style.css,533,css,84496a05,Harshini118,2026-04-18,20:02:07,-07:00,2026-04-18T20:02:07-07:00,1,18
style.css,534,css,84496a05,Harshini118,2026-04-18,20:02:07,-07:00,2026-04-18T20:02:07-07:00,0,1
style.css,535,css,84496a05,Harshini118,2026-04-18,20:02:07,-07:00,2026-04-18T20:02:07-07:00,0,0
style.css,536,css,84496a05,Harshini118,2026-04-18,20:02:07,-07:00,2026-04-18T20:02:07-07:00,0,4
style.css,537,css,84496a05,Harshini118,2026-04-18,20:02:07,-07:00,2026-04-18T20:02:07-07:00,1,21
style.css,538,css,84496a05,Harshini118,2026-04-18,20:02:07,-07:00,2026-04-18T20:02:07-07:00,0,1
style.css,539,css,84496a05,Harshini118,2026-04-18,20:02:07,-07:00,2026-04-18T20:02:07-07:00,0,0
style.css,540,css,84496a05,Harshini118,2026-04-18,20:02:07,-07:00,2026-04-18T20:02:07-07:00,0,24
style.css,541,css,84496a05,Harshini118,2026-04-18,20:02:07,-07:00,2026-04-18T20:02:07-07:00,0,17
style.css,542,css,84496a05,Harshini118,2026-04-18,20:02:07,-07:00,2026-04-18T20:02:07-07:00,1,21
style.css,543,css,68e7fc79,Harshini118,2026-04-18,20:24:49,-07:00,2026-04-18T20:24:49-07:00,0,1
style.css,544,css,68e7fc79,Harshini118,2026-04-18,20:24:49,-07:00,2026-04-18T20:24:49-07:00,0,0
style.css,545,css,68e7fc79,Harshini118,2026-04-18,20:24:49,-07:00,2026-04-18T20:24:49-07:00,0,28
style.css,546,css,68e7fc79,Harshini118,2026-04-18,20:24:49,-07:00,2026-04-18T20:24:49-07:00,1,27
style.css,547,css,68e7fc79,Harshini118,2026-04-18,20:24:49,-07:00,2026-04-18T20:24:49-07:00,0,28
style.css,548,css,68e7fc79,Harshini118,2026-04-18,20:24:49,-07:00,2026-04-18T20:24:49-07:00,0,0
style.css,549,css,68e7fc79,Harshini118,2026-04-18,20:24:49,-07:00,2026-04-18T20:24:49-07:00,0,9
style.css,550,css,68e7fc79,Harshini118,2026-04-18,20:24:49,-07:00,2026-04-18T20:24:49-07:00,1,17
style.css,551,css,68e7fc79,Harshini118,2026-04-18,20:24:49,-07:00,2026-04-18T20:24:49-07:00,1,15
style.css,552,css,68e7fc79,Harshini118,2026-04-18,20:24:49,-07:00,2026-04-18T20:24:49-07:00,0,1
style.css,553,css,68e7fc79,Harshini118,2026-04-18,20:24:49,-07:00,2026-04-18T20:24:49-07:00,0,0
style.css,554,css,68e7fc79,Harshini118,2026-04-18,20:24:49,-07:00,2026-04-18T20:24:49-07:00,0,21
style.css,555,css,68e7fc79,Harshini118,2026-04-18,20:24:49,-07:00,2026-04-18T20:24:49-07:00,0,17
style.css,556,css,68e7fc79,Harshini118,2026-04-18,20:24:49,-07:00,2026-04-18T20:24:49-07:00,1,16
style.css,557,css,68e7fc79,Harshini118,2026-04-18,20:24:49,-07:00,2026-04-18T20:24:49-07:00,0,1
style.css,558,css,68e7fc79,Harshini118,2026-04-18,20:24:49,-07:00,2026-04-18T20:24:49-07:00,0,0
style.css,559,css,68e7fc79,Harshini118,2026-04-18,20:24:49,-07:00,2026-04-18T20:24:49-07:00,0,20
style.css,560,css,68e7fc79,Harshini118,2026-04-18,20:24:49,-07:00,2026-04-18T20:24:49-07:00,0,20
style.css,561,css,68e7fc79,Harshini118,2026-04-18,20:24:49,-07:00,2026-04-18T20:24:49-07:00,1,17
style.css,562,css,68e7fc79,Harshini118,2026-04-18,20:24:49,-07:00,2026-04-18T20:24:49-07:00,1,17
style.css,563,css,68e7fc79,Harshini118,2026-04-18,20:24:49,-07:00,2026-04-18T20:24:49-07:00,1,30
style.css,564,css,68e7fc79,Harshini118,2026-04-18,20:24:49,-07:00,2026-04-18T20:24:49-07:00,1,22
style.css,565,css,68e7fc79,Harshini118,2026-04-18,20:24:49,-07:00,2026-04-18T20:24:49-07:00,1,21
style.css,566,css,68e7fc79,Harshini118,2026-04-18,20:24:49,-07:00,2026-04-18T20:24:49-07:00,0,1
style.css,567,css,68e7fc79,Harshini118,2026-04-18,20:24:49,-07:00,2026-04-18T20:24:49-07:00,0,0
style.css,568,css,68e7fc79,Harshini118,2026-04-18,20:24:49,-07:00,2026-04-18T20:24:49-07:00,0,15
style.css,569,css,68e7fc79,Harshini118,2026-04-18,20:24:49,-07:00,2026-04-18T20:24:49-07:00,0,14
style.css,570,css,68e7fc79,Harshini118,2026-04-18,20:24:49,-07:00,2026-04-18T20:24:49-07:00,1,19
style.css,571,css,68e7fc79,Harshini118,2026-04-18,20:24:49,-07:00,2026-04-18T20:24:49-07:00,0,1
style.css,572,css,68e7fc79,Harshini118,2026-04-18,20:24:49,-07:00,2026-04-18T20:24:49-07:00,0,0
style.css,573,css,68e7fc79,Harshini118,2026-04-18,20:24:49,-07:00,2026-04-18T20:24:49-07:00,0,39
style.css,574,css,68e7fc79,Harshini118,2026-04-18,20:24:49,-07:00,2026-04-18T20:24:49-07:00,0,16
style.css,575,css,68e7fc79,Harshini118,2026-04-18,20:24:49,-07:00,2026-04-18T20:24:49-07:00,1,14
style.css,576,css,68e7fc79,Harshini118,2026-04-18,20:24:49,-07:00,2026-04-18T20:24:49-07:00,1,31
style.css,577,css,68e7fc79,Harshini118,2026-04-18,20:24:49,-07:00,2026-04-18T20:24:49-07:00,1,22
style.css,578,css,68e7fc79,Harshini118,2026-04-18,20:24:49,-07:00,2026-04-18T20:24:49-07:00,1,9
style.css,579,css,68e7fc79,Harshini118,2026-04-18,20:24:49,-07:00,2026-04-18T20:24:49-07:00,0,1
style.css,580,css,68e7fc79,Harshini118,2026-04-18,20:24:49,-07:00,2026-04-18T20:24:49-07:00,0,0
style.css,581,css,68e7fc79,Harshini118,2026-04-18,20:24:49,-07:00,2026-04-18T20:24:49-07:00,0,24
style.css,582,css,68e7fc79,Harshini118,2026-04-18,20:24:49,-07:00,2026-04-18T20:24:49-07:00,0,19
style.css,583,css,68e7fc79,Harshini118,2026-04-18,20:24:49,-07:00,2026-04-18T20:24:49-07:00,1,18
style.css,584,css,68e7fc79,Harshini118,2026-04-18,20:24:49,-07:00,2026-04-18T20:24:49-07:00,1,17
style.css,585,css,68e7fc79,Harshini118,2026-04-18,20:24:49,-07:00,2026-04-18T20:24:49-07:00,0,1
style.css,586,css,68e7fc79,Harshini118,2026-04-18,20:24:49,-07:00,2026-04-18T20:24:49-07:00,0,0
style.css,587,css,68e7fc79,Harshini118,2026-04-18,20:24:49,-07:00,2026-04-18T20:24:49-07:00,0,11
style.css,588,css,68e7fc79,Harshini118,2026-04-18,20:24:49,-07:00,2026-04-18T20:24:49-07:00,0,14
style.css,589,css,68e7fc79,Harshini118,2026-04-18,20:24:49,-07:00,2026-04-18T20:24:49-07:00,1,12
style.css,590,css,68e7fc79,Harshini118,2026-04-18,20:24:49,-07:00,2026-04-18T20:24:49-07:00,1,17
style.css,591,css,68e7fc79,Harshini118,2026-04-18,20:24:49,-07:00,2026-04-18T20:24:49-07:00,1,20
style.css,592,css,68e7fc79,Harshini118,2026-04-18,20:24:49,-07:00,2026-04-18T20:24:49-07:00,0,1
style.css,593,css,68e7fc79,Harshini118,2026-04-18,20:24:49,-07:00,2026-04-18T20:24:49-07:00,0,0
style.css,594,css,68e7fc79,Harshini118,2026-04-18,20:24:49,-07:00,2026-04-18T20:24:49-07:00,0,22
style.css,595,css,68e7fc79,Harshini118,2026-04-18,20:24:49,-07:00,2026-04-18T20:24:49-07:00,0,16
style.css,596,css,68e7fc79,Harshini118,2026-04-18,20:24:49,-07:00,2026-04-18T20:24:49-07:00,1,18
style.css,597,css,68e7fc79,Harshini118,2026-04-18,20:24:49,-07:00,2026-04-18T20:24:49-07:00,1,12
style.css,598,css,68e7fc79,Harshini118,2026-04-18,20:24:49,-07:00,2026-04-18T20:24:49-07:00,0,1
style.css,599,css,68e7fc79,Harshini118,2026-04-18,20:24:49,-07:00,2026-04-18T20:24:49-07:00,0,0
style.css,600,css,68e7fc79,Harshini118,2026-04-18,20:24:49,-07:00,2026-04-18T20:24:49-07:00,0,13
style.css,601,css,68e7fc79,Harshini118,2026-04-18,20:24:49,-07:00,2026-04-18T20:24:49-07:00,0,17
style.css,602,css,68e7fc79,Harshini118,2026-04-18,20:24:49,-07:00,2026-04-18T20:24:49-07:00,1,18
style.css,603,css,68e7fc79,Harshini118,2026-04-18,20:24:49,-07:00,2026-04-18T20:24:49-07:00,1,20
style.css,604,css,68e7fc79,Harshini118,2026-04-18,20:24:49,-07:00,2026-04-18T20:24:49-07:00,0,1
style.css,605,css,68e7fc79,Harshini118,2026-04-18,20:24:49,-07:00,2026-04-18T20:24:49-07:00,0,0
style.css,606,css,68e7fc79,Harshini118,2026-04-18,20:24:49,-07:00,2026-04-18T20:24:49-07:00,0,17
style.css,607,css,68e7fc79,Harshini118,2026-04-18,20:24:49,-07:00,2026-04-18T20:24:49-07:00,1,21
style.css,608,css,68e7fc79,Harshini118,2026-04-18,20:24:49,-07:00,2026-04-18T20:24:49-07:00,1,17
style.css,609,css,68e7fc79,Harshini118,2026-04-18,20:24:49,-07:00,2026-04-18T20:24:49-07:00,0,1
style.css,610,css,68e7fc79,Harshini118,2026-04-18,20:24:49,-07:00,2026-04-18T20:24:49-07:00,0,0
style.css,611,css,68e7fc79,Harshini118,2026-04-18,20:24:49,-07:00,2026-04-18T20:24:49-07:00,0,12
style.css,612,css,68e7fc79,Harshini118,2026-04-18,20:24:49,-07:00,2026-04-18T20:24:49-07:00,0,14
style.css,613,css,68e7fc79,Harshini118,2026-04-18,20:24:49,-07:00,2026-04-18T20:24:49-07:00,1,17
style.css,614,css,68e7fc79,Harshini118,2026-04-18,20:24:49,-07:00,2026-04-18T20:24:49-07:00,1,11
style.css,615,css,68e7fc79,Harshini118,2026-04-18,20:24:49,-07:00,2026-04-18T20:24:49-07:00,0,1
style.css,616,css,68e7fc79,Harshini118,2026-04-18,20:24:49,-07:00,2026-04-18T20:24:49-07:00,0,0
style.css,617,css,68e7fc79,Harshini118,2026-04-18,20:24:49,-07:00,2026-04-18T20:24:49-07:00,0,17
style.css,618,css,68e7fc79,Harshini118,2026-04-18,20:24:49,-07:00,2026-04-18T20:24:49-07:00,1,21
style.css,619,css,68e7fc79,Harshini118,2026-04-18,20:24:49,-07:00,2026-04-18T20:24:49-07:00,0,1
style.css,620,css,68e7fc79,Harshini118,2026-04-18,20:24:49,-07:00,2026-04-18T20:24:49-07:00,0,0
style.css,621,css,68e7fc79,Harshini118,2026-04-18,20:24:49,-07:00,2026-04-18T20:24:49-07:00,0,25
style.css,622,css,68e7fc79,Harshini118,2026-04-18,20:24:49,-07:00,2026-04-18T20:24:49-07:00,0,20
style.css,623,css,68e7fc79,Harshini118,2026-04-18,20:24:49,-07:00,2026-04-18T20:24:49-07:00,1,21
style.css,624,css,88a6a534,Harshini,2026-05-01,20:08:35,-07:00,2026-05-01T20:08:35-07:00,0,1
style.css,625,css,fd26099b,Harshini,2026-05-22,21:31:46,-07:00,2026-05-22T21:31:46-07:00,0,0
style.css,626,css,fd26099b,Harshini,2026-05-22,21:31:46,-07:00,2026-05-22T21:31:46-07:00,0,28
style.css,627,css,fd26099b,Harshini,2026-05-22,21:31:46,-07:00,2026-05-22T21:31:46-07:00,1,20
style.css,628,css,fd26099b,Harshini,2026-05-22,21:31:46,-07:00,2026-05-22T21:31:46-07:00,0,28
style.css,629,css,fd26099b,Harshini,2026-05-22,21:31:46,-07:00,2026-05-22T21:31:46-07:00,0,12
style.css,630,css,fd26099b,Harshini,2026-05-22,21:31:46,-07:00,2026-05-22T21:31:46-07:00,1,43
style.css,631,css,fd26099b,Harshini,2026-05-22,21:31:46,-07:00,2026-05-22T21:31:46-07:00,0,1
style.css,632,css,fd26099b,Harshini,2026-05-22,21:31:46,-07:00,2026-05-22T21:31:46-07:00,0,0
style.css,633,css,fd26099b,Harshini,2026-05-22,21:31:46,-07:00,2026-05-22T21:31:46-07:00,0,16
style.css,634,css,fd26099b,Harshini,2026-05-22,21:31:46,-07:00,2026-05-22T21:31:46-07:00,1,17
style.css,635,css,fd26099b,Harshini,2026-05-22,21:31:46,-07:00,2026-05-22T21:31:46-07:00,1,12
style.css,636,css,fd26099b,Harshini,2026-05-22,21:31:46,-07:00,2026-05-22T21:31:46-07:00,1,11
style.css,637,css,fd26099b,Harshini,2026-05-22,21:31:46,-07:00,2026-05-22T21:31:46-07:00,0,1
style.css,638,css,fd26099b,Harshini,2026-05-22,21:31:46,-07:00,2026-05-22T21:31:46-07:00,0,0
style.css,639,css,fd26099b,Harshini,2026-05-22,21:31:46,-07:00,2026-05-22T21:31:46-07:00,0,26
style.css,640,css,fd26099b,Harshini,2026-05-22,21:31:46,-07:00,2026-05-22T21:31:46-07:00,1,14
style.css,641,css,fd26099b,Harshini,2026-05-22,21:31:46,-07:00,2026-05-22T21:31:46-07:00,1,52
style.css,642,css,fd26099b,Harshini,2026-05-22,21:31:46,-07:00,2026-05-22T21:31:46-07:00,1,20
style.css,643,css,fd26099b,Harshini,2026-05-22,21:31:46,-07:00,2026-05-22T21:31:46-07:00,1,10
style.css,644,css,fd26099b,Harshini,2026-05-22,21:31:46,-07:00,2026-05-22T21:31:46-07:00,0,1
style.css,645,css,fd26099b,Harshini,2026-05-22,21:31:46,-07:00,2026-05-22T21:31:46-07:00,0,0
style.css,646,css,fd26099b,Harshini,2026-05-22,21:31:46,-07:00,2026-05-22T21:31:46-07:00,0,32
style.css,647,css,fd26099b,Harshini,2026-05-22,21:31:46,-07:00,2026-05-22T21:31:46-07:00,1,12
style.css,648,css,fd26099b,Harshini,2026-05-22,21:31:46,-07:00,2026-05-22T21:31:46-07:00,0,1
style.css,649,css,fd26099b,Harshini,2026-05-22,21:31:46,-07:00,2026-05-22T21:31:46-07:00,0,0
style.css,650,css,fd26099b,Harshini,2026-05-22,21:31:46,-07:00,2026-05-22T21:31:46-07:00,0,31
style.css,651,css,fd26099b,Harshini,2026-05-22,21:31:46,-07:00,2026-05-22T21:31:46-07:00,1,17
style.css,652,css,fd26099b,Harshini,2026-05-22,21:31:46,-07:00,2026-05-22T21:31:46-07:00,1,18
style.css,653,css,fd26099b,Harshini,2026-05-22,21:31:46,-07:00,2026-05-22T21:31:46-07:00,0,1
style.css,654,css,fd26099b,Harshini,2026-05-22,21:31:46,-07:00,2026-05-22T21:31:46-07:00,0,0
style.css,655,css,fd26099b,Harshini,2026-05-22,21:31:46,-07:00,2026-05-22T21:31:46-07:00,0,12
style.css,656,css,fd26099b,Harshini,2026-05-22,21:31:46,-07:00,2026-05-22T21:31:46-07:00,1,14
style.css,657,css,fd26099b,Harshini,2026-05-22,21:31:46,-07:00,2026-05-22T21:31:46-07:00,1,61
style.css,658,css,fd26099b,Harshini,2026-05-22,21:31:46,-07:00,2026-05-22T21:31:46-07:00,1,12
style.css,659,css,fd26099b,Harshini,2026-05-22,21:31:46,-07:00,2026-05-22T21:31:46-07:00,1,19
style.css,660,css,fd26099b,Harshini,2026-05-22,21:31:46,-07:00,2026-05-22T21:31:46-07:00,0,1
style.css,661,css,fd26099b,Harshini,2026-05-22,21:31:46,-07:00,2026-05-22T21:31:46-07:00,0,0
style.css,662,css,fd26099b,Harshini,2026-05-22,21:31:46,-07:00,2026-05-22T21:31:46-07:00,0,16
style.css,663,css,fd26099b,Harshini,2026-05-22,21:31:46,-07:00,2026-05-22T21:31:46-07:00,1,14
style.css,664,css,fd26099b,Harshini,2026-05-22,21:31:46,-07:00,2026-05-22T21:31:46-07:00,1,10
style.css,665,css,fd26099b,Harshini,2026-05-22,21:31:46,-07:00,2026-05-22T21:31:46-07:00,0,1
style.css,666,css,fd26099b,Harshini,2026-05-22,21:31:46,-07:00,2026-05-22T21:31:46-07:00,0,0
style.css,667,css,fd26099b,Harshini,2026-05-22,21:31:46,-07:00,2026-05-22T21:31:46-07:00,0,15
style.css,668,css,fd26099b,Harshini,2026-05-22,21:31:46,-07:00,2026-05-22T21:31:46-07:00,1,17
style.css,669,css,fd26099b,Harshini,2026-05-22,21:31:46,-07:00,2026-05-22T21:31:46-07:00,1,12
style.css,670,css,fd26099b,Harshini,2026-05-22,21:31:46,-07:00,2026-05-22T21:31:46-07:00,1,18
style.css,671,css,fd26099b,Harshini,2026-05-22,21:31:46,-07:00,2026-05-22T21:31:46-07:00,0,1
style.css,672,css,fd26099b,Harshini,2026-05-22,21:31:46,-07:00,2026-05-22T21:31:46-07:00,0,0
style.css,673,css,fd26099b,Harshini,2026-05-22,21:31:46,-07:00,2026-05-22T21:31:46-07:00,0,7
style.css,674,css,fd26099b,Harshini,2026-05-22,21:31:46,-07:00,2026-05-22T21:31:46-07:00,1,17
style.css,675,css,fd26099b,Harshini,2026-05-22,21:31:46,-07:00,2026-05-22T21:31:46-07:00,1,16
style.css,676,css,fd26099b,Harshini,2026-05-22,21:31:46,-07:00,2026-05-22T21:31:46-07:00,1,39
style.css,677,css,fd26099b,Harshini,2026-05-22,21:31:46,-07:00,2026-05-22T21:31:46-07:00,1,19
style.css,678,css,fd26099b,Harshini,2026-05-22,21:31:46,-07:00,2026-05-22T21:31:46-07:00,1,68
style.css,679,css,fd26099b,Harshini,2026-05-22,21:31:46,-07:00,2026-05-22T21:31:46-07:00,1,13
style.css,680,css,fd26099b,Harshini,2026-05-22,21:31:46,-07:00,2026-05-22T21:31:46-07:00,1,18
style.css,681,css,fd26099b,Harshini,2026-05-22,21:31:46,-07:00,2026-05-22T21:31:46-07:00,0,1
style.css,682,css,fd26099b,Harshini,2026-05-22,21:31:46,-07:00,2026-05-22T21:31:46-07:00,0,0
style.css,683,css,fd26099b,Harshini,2026-05-22,21:31:46,-07:00,2026-05-22T21:31:46-07:00,0,14
style.css,684,css,fd26099b,Harshini,2026-05-22,21:31:46,-07:00,2026-05-22T21:31:46-07:00,1,39
style.css,685,css,fd26099b,Harshini,2026-05-22,21:31:46,-07:00,2026-05-22T21:31:46-07:00,1,11
style.css,686,css,fd26099b,Harshini,2026-05-22,21:31:46,-07:00,2026-05-22T21:31:46-07:00,1,31
style.css,687,css,fd26099b,Harshini,2026-05-22,21:31:46,-07:00,2026-05-22T21:31:46-07:00,0,1
style.css,688,css,fd26099b,Harshini,2026-05-22,21:31:46,-07:00,2026-05-22T21:31:46-07:00,0,0
style.css,689,css,fd26099b,Harshini,2026-05-22,21:31:46,-07:00,2026-05-22T21:31:46-07:00,0,13
style.css,690,css,fd26099b,Harshini,2026-05-22,21:31:46,-07:00,2026-05-22T21:31:46-07:00,1,14
style.css,691,css,fd26099b,Harshini,2026-05-22,21:31:46,-07:00,2026-05-22T21:31:46-07:00,1,12
style.css,692,css,fd26099b,Harshini,2026-05-22,21:31:46,-07:00,2026-05-22T21:31:46-07:00,1,18
style.css,693,css,fd26099b,Harshini,2026-05-22,21:31:46,-07:00,2026-05-22T21:31:46-07:00,1,17
style.css,694,css,fd26099b,Harshini,2026-05-22,21:31:46,-07:00,2026-05-22T21:31:46-07:00,1,26
style.css,695,css,fd26099b,Harshini,2026-05-22,21:31:46,-07:00,2026-05-22T21:31:46-07:00,0,1
style.css,696,css,fd26099b,Harshini,2026-05-22,21:31:46,-07:00,2026-05-22T21:31:46-07:00,0,0
style.css,697,css,fd26099b,Harshini,2026-05-22,21:31:46,-07:00,2026-05-22T21:31:46-07:00,0,15
style.css,698,css,fd26099b,Harshini,2026-05-22,21:31:46,-07:00,2026-05-22T21:31:46-07:00,1,83
style.css,699,css,fd26099b,Harshini,2026-05-22,21:31:46,-07:00,2026-05-22T21:31:46-07:00,0,1
style.css,700,css,fd26099b,Harshini,2026-05-22,21:31:46,-07:00,2026-05-22T21:31:46-07:00,0,0
style.css,701,css,fd26099b,Harshini,2026-05-22,21:31:46,-07:00,2026-05-22T21:31:46-07:00,0,17
style.css,702,css,fd26099b,Harshini,2026-05-22,21:31:46,-07:00,2026-05-22T21:31:46-07:00,1,15
style.css,703,css,fd26099b,Harshini,2026-05-22,21:31:46,-07:00,2026-05-22T21:31:46-07:00,2,5
style.css,704,css,fd26099b,Harshini,2026-05-22,21:31:46,-07:00,2026-05-22T21:31:46-07:00,2,11
style.css,705,css,fd26099b,Harshini,2026-05-22,21:31:46,-07:00,2026-05-22T21:31:46-07:00,1,1
style.css,706,css,fd26099b,Harshini,2026-05-22,21:31:46,-07:00,2026-05-22T21:31:46-07:00,0,0
style.css,707,css,fd26099b,Harshini,2026-05-22,21:31:46,-07:00,2026-05-22T21:31:46-07:00,1,6
style.css,708,css,fd26099b,Harshini,2026-05-22,21:31:46,-07:00,2026-05-22T21:31:46-07:00,2,11
style.css,709,css,fd26099b,Harshini,2026-05-22,21:31:46,-07:00,2026-05-22T21:31:46-07:00,2,20
style.css,710,css,fd26099b,Harshini,2026-05-22,21:31:46,-07:00,2026-05-22T21:31:46-07:00,1,1
style.css,711,css,fd26099b,Harshini,2026-05-22,21:31:46,-07:00,2026-05-22T21:31:46-07:00,0,1
style.css,712,css,fd26099b,Harshini,2026-05-22,21:31:46,-07:00,2026-05-22T21:31:46-07:00,0,0
style.css,713,css,fd26099b,Harshini,2026-05-22,21:31:46,-07:00,2026-05-22T21:31:46-07:00,0,8
style.css,714,css,fd26099b,Harshini,2026-05-22,21:31:46,-07:00,2026-05-22T21:31:46-07:00,1,14
style.css,715,css,fd26099b,Harshini,2026-05-22,21:31:46,-07:00,2026-05-22T21:31:46-07:00,1,10
style.css,716,css,fd26099b,Harshini,2026-05-22,21:31:46,-07:00,2026-05-22T21:31:46-07:00,1,21
style.css,717,css,fd26099b,Harshini,2026-05-22,21:31:46,-07:00,2026-05-22T21:31:46-07:00,0,1
style.css,718,css,fd26099b,Harshini,2026-05-22,21:31:46,-07:00,2026-05-22T21:31:46-07:00,0,0
style.css,719,css,fd26099b,Harshini,2026-05-22,21:31:46,-07:00,2026-05-22T21:31:46-07:00,0,14
style.css,720,css,fd26099b,Harshini,2026-05-22,21:31:46,-07:00,2026-05-22T21:31:46-07:00,1,14
style.css,721,css,fd26099b,Harshini,2026-05-22,21:31:46,-07:00,2026-05-22T21:31:46-07:00,1,57
style.css,722,css,fd26099b,Harshini,2026-05-22,21:31:46,-07:00,2026-05-22T21:31:46-07:00,1,10
style.css,723,css,fd26099b,Harshini,2026-05-22,21:31:46,-07:00,2026-05-22T21:31:46-07:00,1,19
style.css,724,css,fd26099b,Harshini,2026-05-22,21:31:46,-07:00,2026-05-22T21:31:46-07:00,1,22
style.css,725,css,fd26099b,Harshini,2026-05-22,21:31:46,-07:00,2026-05-22T21:31:46-07:00,1,45
style.css,726,css,fd26099b,Harshini,2026-05-22,21:31:46,-07:00,2026-05-22T21:31:46-07:00,0,1
style.css,727,css,fd26099b,Harshini,2026-05-22,21:31:46,-07:00,2026-05-22T21:31:46-07:00,0,0
style.css,728,css,fd26099b,Harshini,2026-05-22,21:31:46,-07:00,2026-05-22T21:31:46-07:00,0,11
style.css,729,css,fd26099b,Harshini,2026-05-22,21:31:46,-07:00,2026-05-22T21:31:46-07:00,1,13
style.css,730,css,fd26099b,Harshini,2026-05-22,21:31:46,-07:00,2026-05-22T21:31:46-07:00,0,1
style.css,731,css,fd26099b,Harshini,2026-05-22,21:31:46,-07:00,2026-05-22T21:31:46-07:00,0,0
style.css,732,css,fd26099b,Harshini,2026-05-22,21:31:46,-07:00,2026-05-22T21:31:46-07:00,0,13
style.css,733,css,fd26099b,Harshini,2026-05-22,21:31:46,-07:00,2026-05-22T21:31:46-07:00,1,24
style.css,734,css,fd26099b,Harshini,2026-05-22,21:31:46,-07:00,2026-05-22T21:31:46-07:00,0,1
style.css,735,css,fd26099b,Harshini,2026-05-22,21:31:46,-07:00,2026-05-22T21:31:46-07:00,0,0
style.css,736,css,fd26099b,Harshini,2026-05-22,21:31:46,-07:00,2026-05-22T21:31:46-07:00,0,14
style.css,737,css,fd26099b,Harshini,2026-05-22,21:31:46,-07:00,2026-05-22T21:31:46-07:00,1,15
style.css,738,css,fd26099b,Harshini,2026-05-22,21:31:46,-07:00,2026-05-22T21:31:46-07:00,1,20
style.css,739,css,fd26099b,Harshini,2026-05-22,21:31:46,-07:00,2026-05-22T21:31:46-07:00,1,12
style.css,740,css,fd26099b,Harshini,2026-05-22,21:31:46,-07:00,2026-05-22T21:31:46-07:00,0,1
style.css,741,css,fd26099b,Harshini,2026-05-22,21:31:46,-07:00,2026-05-22T21:31:46-07:00,0,0
style.css,742,css,fd26099b,Harshini,2026-05-22,21:31:46,-07:00,2026-05-22T21:31:46-07:00,0,11
style.css,743,css,fd26099b,Harshini,2026-05-22,21:31:46,-07:00,2026-05-22T21:31:46-07:00,1,14
style.css,744,css,fd26099b,Harshini,2026-05-22,21:31:46,-07:00,2026-05-22T21:31:46-07:00,1,16
style.css,745,css,fd26099b,Harshini,2026-05-22,21:31:46,-07:00,2026-05-22T21:31:46-07:00,1,13
style.css,746,css,fd26099b,Harshini,2026-05-22,21:31:46,-07:00,2026-05-22T21:31:46-07:00,1,19
style.css,747,css,fd26099b,Harshini,2026-05-22,21:31:46,-07:00,2026-05-22T21:31:46-07:00,1,21
style.css,748,css,fd26099b,Harshini,2026-05-22,21:31:46,-07:00,2026-05-22T21:31:46-07:00,1,10
style.css,749,css,fd26099b,Harshini,2026-05-22,21:31:46,-07:00,2026-05-22T21:31:46-07:00,1,20
style.css,750,css,fd26099b,Harshini,2026-05-22,21:31:46,-07:00,2026-05-22T21:31:46-07:00,0,1
style.css,751,css,fd26099b,Harshini,2026-05-22,21:31:46,-07:00,2026-05-22T21:31:46-07:00,0,0
style.css,752,css,fd26099b,Harshini,2026-05-22,21:31:46,-07:00,2026-05-22T21:31:46-07:00,0,6
style.css,753,css,fd26099b,Harshini,2026-05-22,21:31:46,-07:00,2026-05-22T21:31:46-07:00,1,15
style.css,754,css,fd26099b,Harshini,2026-05-22,21:31:46,-07:00,2026-05-22T21:31:46-07:00,1,16
style.css,755,css,fd26099b,Harshini,2026-05-22,21:31:46,-07:00,2026-05-22T21:31:46-07:00,1,19
style.css,756,css,fd26099b,Harshini,2026-05-22,21:31:46,-07:00,2026-05-22T21:31:46-07:00,1,25
style.css,757,css,fd26099b,Harshini,2026-05-22,21:31:46,-07:00,2026-05-22T21:31:46-07:00,1,18
style.css,758,css,fd26099b,Harshini,2026-05-22,21:31:46,-07:00,2026-05-22T21:31:46-07:00,0,1
style.css,759,css,fd26099b,Harshini,2026-05-22,21:31:46,-07:00,2026-05-22T21:31:46-07:00,0,0
style.css,760,css,fd26099b,Harshini,2026-05-22,21:31:46,-07:00,2026-05-22T21:31:46-07:00,0,27
style.css,761,css,fd26099b,Harshini,2026-05-22,21:31:46,-07:00,2026-05-22T21:31:46-07:00,1,25
style.css,762,css,fd26099b,Harshini,2026-05-22,21:31:46,-07:00,2026-05-22T21:31:46-07:00,1,11
style.css,763,css,fd26099b,Harshini,2026-05-22,21:31:46,-07:00,2026-05-22T21:31:46-07:00,1,14
style.css,764,css,fd26099b,Harshini,2026-05-22,21:31:46,-07:00,2026-05-22T21:31:46-07:00,2,27
style.css,765,css,fd26099b,Harshini,2026-05-22,21:31:46,-07:00,2026-05-22T21:31:46-07:00,1,1
style.css,766,css,fd26099b,Harshini,2026-05-22,21:31:46,-07:00,2026-05-22T21:31:46-07:00,0,0
style.css,767,css,fd26099b,Harshini,2026-05-22,21:31:46,-07:00,2026-05-22T21:31:46-07:00,1,31
style.css,768,css,fd26099b,Harshini,2026-05-22,21:31:46,-07:00,2026-05-22T21:31:46-07:00,2,17
style.css,769,css,fd26099b,Harshini,2026-05-22,21:31:46,-07:00,2026-05-22T21:31:46-07:00,1,1
style.css,770,css,fd26099b,Harshini,2026-05-22,21:31:46,-07:00,2026-05-22T21:31:46-07:00,0,0
style.css,771,css,fd26099b,Harshini,2026-05-22,21:31:46,-07:00,2026-05-22T21:31:46-07:00,1,15
style.css,772,css,fd26099b,Harshini,2026-05-22,21:31:46,-07:00,2026-05-22T21:31:46-07:00,2,17
style.css,773,css,fd26099b,Harshini,2026-05-22,21:31:46,-07:00,2026-05-22T21:31:46-07:00,1,1
style.css,774,css,fd26099b,Harshini,2026-05-22,21:31:46,-07:00,2026-05-22T21:31:46-07:00,0,0
style.css,775,css,fd26099b,Harshini,2026-05-22,21:31:46,-07:00,2026-05-22T21:31:46-07:00,1,7
style.css,776,css,fd26099b,Harshini,2026-05-22,21:31:46,-07:00,2026-05-22T21:31:46-07:00,2,17
style.css,777,css,fd26099b,Harshini,2026-05-22,21:31:46,-07:00,2026-05-22T21:31:46-07:00,1,1
style.css,778,css,fd26099b,Harshini,2026-05-22,21:31:46,-07:00,2026-05-22T21:31:46-07:00,0,1
